-- phpMyAdmin SQL Dump
-- version 4.6.5.2
-- https://www.phpmyadmin.net/
--
-- Host: 127.0.0.1
-- Generation Time: Mar 10, 2017 at 12:57 PM
-- Server version: 10.1.21-MariaDB
-- PHP Version: 5.6.30

SET SQL_MODE = "NO_AUTO_VALUE_ON_ZERO";
SET time_zone = "+00:00";


/*!40101 SET @OLD_CHARACTER_SET_CLIENT=@@CHARACTER_SET_CLIENT */;
/*!40101 SET @OLD_CHARACTER_SET_RESULTS=@@CHARACTER_SET_RESULTS */;
/*!40101 SET @OLD_COLLATION_CONNECTION=@@COLLATION_CONNECTION */;
/*!40101 SET NAMES utf8mb4 */;

--
-- Database: `gkresear_laravel`
--

-- --------------------------------------------------------

--
-- Table structure for table `brand_sentiment_basics_data`
--

CREATE TABLE `brand_sentiment_basics_data` (
  `id` int(11) NOT NULL,
  `user_id` int(11) NOT NULL,
  `user_widget_id` int(11) NOT NULL,
  `Basic Negative` int(6) NOT NULL,
  `Basic Neutral` int(6) NOT NULL,
  `Basic Positive` int(6) NOT NULL
) ENGINE=InnoDB DEFAULT CHARSET=utf8;

--
-- Dumping data for table `brand_sentiment_basics_data`
--

INSERT INTO `brand_sentiment_basics_data` (`id`, `user_id`, `user_widget_id`, `Basic Negative`, `Basic Neutral`, `Basic Positive`) VALUES
(1, 1, 3, 29, 66, 5);

-- --------------------------------------------------------

--
-- Table structure for table `brand_sentiment_data`
--

CREATE TABLE `brand_sentiment_data` (
  `id` int(11) NOT NULL,
  `user_id` int(11) NOT NULL,
  `user_widget_id` int(11) NOT NULL,
  `browser` varchar(50) NOT NULL,
  `date` varchar(50) NOT NULL,
  `value` decimal(6,1) NOT NULL
) ENGINE=InnoDB DEFAULT CHARSET=utf8;

--
-- Dumping data for table `brand_sentiment_data`
--

INSERT INTO `brand_sentiment_data` (`id`, `user_id`, `user_widget_id`, `browser`, `date`, `value`) VALUES
(1, 1, 3, 'Chrome', '2008-01', '10.0'),
(2, 1, 3, 'Chrome', '2008-04', '8.0'),
(3, 1, 3, 'Chrome', '2008-07', '14.0'),
(4, 1, 3, 'Chrome', '2008-10', '9.0'),
(5, 1, 3, 'Chrome', '2009-01', '10.0'),
(6, 1, 3, 'Chrome', '2009-04', '8.0'),
(7, 1, 3, 'Chrome', '2009-07', '14.0'),
(8, 1, 3, 'Chrome', '2009-10', '9.0'),
(9, 1, 3, 'Chrome', '2010-01', '10.0'),
(10, 1, 3, 'Chrome', '2010-04', '8.0'),
(11, 1, 3, 'Chrome', '2010-07', '14.0'),
(12, 1, 3, 'Chrome', '2010-10', '9.0'),
(13, 1, 3, 'Firefox', '2008-01', '3.0'),
(14, 1, 3, 'Firefox', '2008-04', '3.5'),
(15, 1, 3, 'Firefox', '2008-07', '5.0'),
(16, 1, 3, 'Firefox', '2008-10', '11.0'),
(17, 1, 3, 'Firefox', '2009-01', '3.0'),
(18, 1, 3, 'Firefox', '2009-04', '3.5'),
(19, 1, 3, 'Firefox', '2009-07', '4.5'),
(20, 1, 3, 'Firefox', '2009-10', '10.5'),
(21, 1, 3, 'Firefox', '2010-01', '3.0'),
(22, 1, 3, 'Firefox', '2010-04', '3.5'),
(23, 1, 3, 'Firefox', '2010-07', '4.0'),
(24, 1, 3, 'Firefox', '2010-10', '10.0'),
(25, 1, 3, 'Safari', '2008-01', '10.0'),
(26, 1, 3, 'Safari', '2008-04', '8.0'),
(27, 1, 3, 'Safari', '2008-07', '14.0'),
(28, 1, 3, 'Safari', '2008-10', '9.0'),
(29, 1, 3, 'Safari', '2009-01', '10.0'),
(30, 1, 3, 'Safari', '2009-04', '8.0'),
(31, 1, 3, 'Safari', '2009-07', '14.0'),
(32, 1, 3, 'Safari', '2009-10', '9.0'),
(33, 1, 3, 'Safari', '2010-01', '10.0'),
(34, 1, 3, 'Safari', '2010-04', '8.0'),
(35, 1, 3, 'Safari', '2010-07', '13.5'),
(36, 1, 3, 'Safari', '2010-10', '8.5'),
(37, 1, 3, 'Opera', '2008-01', '3.0'),
(38, 1, 3, 'Opera', '2008-04', '3.5'),
(39, 1, 3, 'Opera', '2008-07', '5.0'),
(40, 1, 3, 'Opera', '2008-10', '11.0'),
(41, 1, 3, 'Opera', '2009-01', '3.0'),
(42, 1, 3, 'Opera', '2009-04', '3.5'),
(43, 1, 3, 'Opera', '2009-07', '4.5'),
(44, 1, 3, 'Opera', '2009-10', '10.5'),
(45, 1, 3, 'Opera', '2010-01', '3.0'),
(46, 1, 3, 'Opera', '2010-04', '3.5'),
(47, 1, 3, 'Opera', '2010-07', '4.0'),
(48, 1, 3, 'Opera', '2010-10', '10.0');

-- --------------------------------------------------------

--
-- Table structure for table `dashboard_logo`
--

CREATE TABLE `dashboard_logo` (
  `id` int(11) NOT NULL,
  `logo` varchar(255) NOT NULL
) ENGINE=InnoDB DEFAULT CHARSET=utf8;

--
-- Dumping data for table `dashboard_logo`
--

INSERT INTO `dashboard_logo` (`id`, `logo`) VALUES
(1, 'dashboard_logo.png');

-- --------------------------------------------------------

--
-- Table structure for table `desktop_and_mobile_performance_data`
--

CREATE TABLE `desktop_and_mobile_performance_data` (
  `id` int(11) NOT NULL,
  `user_id` int(11) NOT NULL,
  `user_widget_id` int(11) NOT NULL,
  `date` varchar(50) NOT NULL,
  `New York` decimal(6,1) NOT NULL,
  `San Francisco` decimal(6,1) NOT NULL,
  `Austin` decimal(6,1) NOT NULL
) ENGINE=InnoDB DEFAULT CHARSET=utf8;

--
-- Dumping data for table `desktop_and_mobile_performance_data`
--

INSERT INTO `desktop_and_mobile_performance_data` (`id`, `user_id`, `user_widget_id`, `date`, `New York`, `San Francisco`, `Austin`) VALUES
(1, 1, 5, '20111001', '63.4', '62.7', '72.2'),
(2, 1, 5, '20111002', '58.0', '59.9', '67.7'),
(3, 1, 5, '20111003', '53.3', '59.1', '69.4'),
(4, 1, 5, '20111004', '55.7', '58.8', '68.0'),
(5, 1, 5, '20111005', '64.2', '58.7', '72.4'),
(6, 1, 5, '20111006', '58.8', '57.0', '77.0'),
(7, 1, 5, '20111007', '57.9', '56.7', '82.3'),
(8, 1, 5, '20111008', '61.8', '56.8', '78.9'),
(9, 1, 5, '20111009', '69.3', '56.7', '68.8'),
(10, 1, 5, '20111010', '71.2', '60.1', '68.7'),
(11, 1, 5, '20111011', '68.7', '61.1', '70.3'),
(12, 1, 5, '20111012', '61.8', '61.5', '75.3'),
(13, 1, 5, '20111013', '63.0', '64.3', '76.6'),
(14, 1, 5, '20111014', '66.9', '67.1', '66.6'),
(15, 1, 5, '20111015', '61.7', '64.6', '68.0'),
(16, 1, 5, '20111016', '61.8', '61.6', '70.6'),
(17, 1, 5, '20111017', '62.8', '61.1', '71.1'),
(18, 1, 5, '20111018', '60.8', '59.2', '70.0'),
(19, 1, 5, '20111019', '62.1', '58.9', '61.6'),
(20, 1, 5, '20111020', '65.1', '57.2', '57.4'),
(21, 1, 5, '20111021', '55.6', '56.4', '64.3'),
(22, 1, 5, '20111022', '54.4', '60.7', '72.4'),
(23, 1, 5, '20111023', '54.4', '65.1', '72.4'),
(24, 1, 5, '20111024', '54.8', '60.9', '72.5'),
(25, 1, 5, '20111025', '57.9', '56.1', '72.7'),
(26, 1, 5, '20111026', '54.6', '54.6', '73.4'),
(27, 1, 5, '20111027', '54.4', '56.1', '70.7'),
(28, 1, 5, '20111028', '42.5', '58.1', '56.8'),
(29, 1, 5, '20111029', '40.9', '57.5', '51.0'),
(30, 1, 5, '20111030', '38.6', '57.7', '54.9'),
(31, 1, 5, '20111031', '44.2', '55.1', '58.8'),
(32, 1, 5, '20111101', '49.6', '57.9', '62.6'),
(33, 1, 5, '20111102', '47.2', '64.6', '71.0'),
(34, 1, 5, '20111103', '50.1', '56.2', '58.4'),
(35, 1, 5, '20111104', '50.1', '50.5', '45.1'),
(36, 1, 5, '20111105', '43.5', '51.3', '52.2'),
(37, 1, 5, '20111106', '43.8', '52.6', '73.0'),
(38, 1, 5, '20111107', '48.9', '51.4', '75.4'),
(39, 1, 5, '20111108', '55.5', '50.6', '72.1'),
(40, 1, 5, '20111109', '53.7', '54.6', '56.6'),
(41, 1, 5, '20111110', '57.7', '55.6', '55.4'),
(42, 1, 5, '20111111', '48.5', '53.9', '46.7'),
(43, 1, 5, '20111112', '46.8', '54.0', '62.0'),
(44, 1, 5, '20111113', '51.1', '53.8', '71.6'),
(45, 1, 5, '20111114', '56.8', '53.5', '75.5'),
(46, 1, 5, '20111115', '59.7', '53.4', '72.1'),
(47, 1, 5, '20111116', '56.5', '52.2', '65.7'),
(48, 1, 5, '20111117', '49.6', '52.7', '56.8'),
(49, 1, 5, '20111118', '41.5', '53.1', '49.9'),
(50, 1, 5, '20111119', '44.3', '49.0', '71.7'),
(51, 1, 5, '20111120', '54.0', '50.4', '77.7'),
(52, 1, 5, '20111121', '54.1', '51.1', '76.4'),
(53, 1, 5, '20111122', '49.4', '52.3', '68.8'),
(54, 1, 5, '20111123', '50.0', '54.6', '57.0'),
(55, 1, 5, '20111124', '44.0', '55.1', '55.5'),
(56, 1, 5, '20111125', '50.3', '51.5', '61.6'),
(57, 1, 5, '20111126', '52.1', '53.6', '64.1'),
(58, 1, 5, '20111127', '49.6', '52.3', '51.1'),
(59, 1, 5, '20111128', '57.2', '51.0', '43.0'),
(60, 1, 5, '20111129', '59.1', '49.5', '46.4'),
(61, 1, 5, '20111130', '50.6', '49.8', '48.0'),
(62, 1, 5, '20111201', '44.3', '60.4', '48.1'),
(63, 1, 5, '20111202', '43.9', '62.2', '60.6'),
(64, 1, 5, '20111203', '42.1', '58.3', '62.6'),
(65, 1, 5, '20111204', '43.9', '52.7', '57.1'),
(66, 1, 5, '20111205', '50.2', '51.5', '44.2'),
(67, 1, 5, '20111206', '54.2', '49.9', '37.4'),
(68, 1, 5, '20111207', '54.6', '48.6', '35.0'),
(69, 1, 5, '20111208', '43.4', '46.4', '37.0'),
(70, 1, 5, '20111209', '42.2', '49.8', '45.4'),
(71, 1, 5, '20111210', '45.0', '52.1', '50.7'),
(72, 1, 5, '20111211', '33.8', '48.8', '48.6'),
(73, 1, 5, '20111212', '36.8', '47.4', '52.2'),
(74, 1, 5, '20111213', '38.6', '47.2', '60.8'),
(75, 1, 5, '20111214', '41.9', '46.1', '70.0'),
(76, 1, 5, '20111215', '49.6', '48.8', '64.2'),
(77, 1, 5, '20111216', '50.2', '47.9', '50.9'),
(78, 1, 5, '20111217', '40.6', '49.8', '51.6'),
(79, 1, 5, '20111218', '29.1', '49.1', '55.2'),
(80, 1, 5, '20111219', '33.7', '48.3', '62.1'),
(81, 1, 5, '20111220', '45.8', '49.3', '56.3'),
(82, 1, 5, '20111221', '47.4', '48.4', '47.2'),
(83, 1, 5, '20111222', '54.4', '53.3', '52.3'),
(84, 1, 5, '20111223', '47.8', '47.5', '45.2'),
(85, 1, 5, '20111224', '34.9', '47.9', '43.6'),
(86, 1, 5, '20111225', '35.9', '48.9', '42.9'),
(87, 1, 5, '20111226', '43.6', '45.9', '48.2'),
(88, 1, 5, '20111227', '42.9', '47.2', '45.4'),
(89, 1, 5, '20111228', '46.2', '48.9', '44.2'),
(90, 1, 5, '20111229', '30.8', '50.9', '50.4'),
(91, 1, 5, '20111230', '40.8', '52.9', '52.4'),
(92, 1, 5, '20111231', '49.8', '50.1', '53.5'),
(93, 1, 5, '20120101', '46.3', '53.9', '55.9'),
(94, 1, 5, '20120102', '43.2', '53.1', '48.2'),
(95, 1, 5, '20120103', '30.3', '49.7', '41.0'),
(96, 1, 5, '20120104', '19.2', '52.7', '48.9'),
(97, 1, 5, '20120105', '32.1', '52.6', '54.8'),
(98, 1, 5, '20120106', '41.2', '49.0', '61.2'),
(99, 1, 5, '20120107', '47.0', '51.0', '59.7'),
(100, 1, 5, '20120108', '46.0', '56.8', '52.5'),
(101, 1, 5, '20120109', '34.7', '52.3', '54.0'),
(102, 1, 5, '20120110', '39.4', '51.6', '47.7'),
(103, 1, 5, '20120111', '40.4', '49.8', '49.2'),
(104, 1, 5, '20120112', '45.4', '51.9', '48.4'),
(105, 1, 5, '20120113', '40.7', '53.7', '40.2'),
(106, 1, 5, '20120114', '30.4', '52.9', '43.9'),
(107, 1, 5, '20120115', '23.9', '49.7', '45.2'),
(108, 1, 5, '20120116', '22.6', '45.3', '65.0'),
(109, 1, 5, '20120117', '39.8', '43.6', '68.2'),
(110, 1, 5, '20120118', '43.2', '45.0', '47.5'),
(111, 1, 5, '20120119', '26.3', '47.3', '57.1'),
(112, 1, 5, '20120120', '32.8', '51.4', '61.9'),
(113, 1, 5, '20120121', '27.4', '53.7', '54.6'),
(114, 1, 5, '20120122', '25.0', '48.3', '56.7'),
(115, 1, 5, '20120123', '39.4', '52.9', '54.4'),
(116, 1, 5, '20120124', '48.7', '49.1', '52.7'),
(117, 1, 5, '20120125', '43.0', '52.1', '61.8'),
(118, 1, 5, '20120126', '37.1', '53.6', '55.0'),
(119, 1, 5, '20120127', '48.2', '50.4', '50.7'),
(120, 1, 5, '20120128', '43.7', '50.3', '52.9'),
(121, 1, 5, '20120129', '40.1', '53.8', '44.4'),
(122, 1, 5, '20120130', '38.0', '51.9', '49.1'),
(123, 1, 5, '20120131', '43.5', '50.0', '62.8'),
(124, 1, 5, '20120201', '50.4', '50.0', '64.6'),
(125, 1, 5, '20120202', '45.8', '51.3', '61.1'),
(126, 1, 5, '20120203', '37.5', '51.5', '70.0'),
(127, 1, 5, '20120204', '40.8', '52.0', '61.3'),
(128, 1, 5, '20120205', '36.5', '53.8', '48.2'),
(129, 1, 5, '20120206', '39.1', '54.6', '44.2'),
(130, 1, 5, '20120207', '43.2', '54.3', '51.3'),
(131, 1, 5, '20120208', '36.5', '51.9', '49.2'),
(132, 1, 5, '20120209', '36.5', '53.8', '45.7'),
(133, 1, 5, '20120210', '38.3', '53.9', '54.1'),
(134, 1, 5, '20120211', '36.9', '52.3', '44.9'),
(135, 1, 5, '20120212', '29.7', '50.1', '36.5'),
(136, 1, 5, '20120213', '33.1', '49.5', '44.8'),
(137, 1, 5, '20120214', '39.6', '48.6', '52.3'),
(138, 1, 5, '20120215', '42.3', '49.9', '68.0'),
(139, 1, 5, '20120216', '39.7', '52.4', '54.6'),
(140, 1, 5, '20120217', '46.0', '49.9', '53.8'),
(141, 1, 5, '20120218', '41.2', '51.6', '56.2'),
(142, 1, 5, '20120219', '39.8', '47.8', '50.8'),
(143, 1, 5, '20120220', '38.1', '48.7', '53.0'),
(144, 1, 5, '20120221', '37.1', '49.7', '61.0'),
(145, 1, 5, '20120222', '45.5', '53.4', '68.8'),
(146, 1, 5, '20120223', '50.6', '54.1', '69.4'),
(147, 1, 5, '20120224', '42.7', '55.9', '59.3'),
(148, 1, 5, '20120225', '42.6', '51.7', '47.2'),
(149, 1, 5, '20120226', '36.9', '47.7', '47.7'),
(150, 1, 5, '20120227', '40.9', '45.4', '61.9'),
(151, 1, 5, '20120228', '45.9', '47.0', '67.2'),
(152, 1, 5, '20120229', '40.7', '49.8', '70.1'),
(153, 1, 5, '20120301', '41.3', '48.9', '62.1'),
(154, 1, 5, '20120302', '36.8', '48.1', '72.7'),
(155, 1, 5, '20120303', '47.6', '50.7', '59.0'),
(156, 1, 5, '20120304', '44.2', '55.0', '51.8'),
(157, 1, 5, '20120305', '38.5', '48.8', '55.0'),
(158, 1, 5, '20120306', '32.9', '48.4', '61.8'),
(159, 1, 5, '20120307', '43.3', '49.9', '67.1'),
(160, 1, 5, '20120308', '51.2', '49.2', '72.0'),
(161, 1, 5, '20120309', '47.8', '51.7', '46.4'),
(162, 1, 5, '20120310', '37.2', '49.3', '46.7'),
(163, 1, 5, '20120311', '42.9', '50.0', '56.9'),
(164, 1, 5, '20120312', '48.8', '48.6', '61.9'),
(165, 1, 5, '20120313', '52.6', '53.9', '68.8'),
(166, 1, 5, '20120314', '60.5', '55.2', '71.9'),
(167, 1, 5, '20120315', '47.2', '55.9', '72.0'),
(168, 1, 5, '20120316', '44.7', '54.6', '72.5'),
(169, 1, 5, '20120317', '48.2', '48.2', '71.7'),
(170, 1, 5, '20120318', '48.2', '47.1', '71.1'),
(171, 1, 5, '20120319', '53.1', '45.8', '73.0'),
(172, 1, 5, '20120320', '57.8', '49.7', '63.8'),
(173, 1, 5, '20120321', '57.5', '51.4', '60.0'),
(174, 1, 5, '20120322', '57.3', '51.4', '62.3'),
(175, 1, 5, '20120323', '61.7', '48.4', '61.1'),
(176, 1, 5, '20120324', '55.8', '49.0', '62.0'),
(177, 1, 5, '20120325', '48.4', '46.4', '64.6'),
(178, 1, 5, '20120326', '49.8', '49.7', '66.0'),
(179, 1, 5, '20120327', '39.6', '54.1', '65.8'),
(180, 1, 5, '20120328', '49.7', '54.6', '69.2'),
(181, 1, 5, '20120329', '56.8', '52.3', '69.5'),
(182, 1, 5, '20120330', '46.5', '54.5', '73.5'),
(183, 1, 5, '20120331', '42.2', '56.2', '73.9'),
(184, 1, 5, '20120401', '45.3', '51.1', '75.3'),
(185, 1, 5, '20120402', '48.1', '50.5', '75.4'),
(186, 1, 5, '20120403', '51.2', '52.2', '77.3'),
(187, 1, 5, '20120404', '61.0', '50.6', '67.0'),
(188, 1, 5, '20120405', '50.7', '47.9', '71.1'),
(189, 1, 5, '20120406', '48.0', '47.4', '70.4'),
(190, 1, 5, '20120407', '51.1', '49.4', '73.6'),
(191, 1, 5, '20120408', '55.7', '50.0', '71.1'),
(192, 1, 5, '20120409', '58.3', '51.3', '70.0'),
(193, 1, 5, '20120410', '55.0', '53.8', '69.0'),
(194, 1, 5, '20120411', '49.0', '52.9', '69.2'),
(195, 1, 5, '20120412', '51.7', '53.9', '74.5'),
(196, 1, 5, '20120413', '53.1', '50.2', '73.4'),
(197, 1, 5, '20120414', '55.2', '50.9', '76.0'),
(198, 1, 5, '20120415', '62.3', '51.5', '74.5'),
(199, 1, 5, '20120416', '62.9', '51.9', '63.6'),
(200, 1, 5, '20120417', '69.3', '53.2', '67.3'),
(201, 1, 5, '20120418', '59.0', '53.0', '65.1'),
(202, 1, 5, '20120419', '54.1', '55.1', '67.9'),
(203, 1, 5, '20120420', '56.5', '55.8', '68.9'),
(204, 1, 5, '20120421', '58.2', '58.0', '65.1'),
(205, 1, 5, '20120422', '52.4', '52.8', '65.4'),
(206, 1, 5, '20120423', '51.6', '55.1', '70.1'),
(207, 1, 5, '20120424', '49.3', '57.9', '67.0'),
(208, 1, 5, '20120425', '52.5', '57.5', '75.4'),
(209, 1, 5, '20120426', '50.5', '55.3', '77.5'),
(210, 1, 5, '20120427', '51.9', '53.5', '77.0'),
(211, 1, 5, '20120428', '47.4', '54.7', '77.7'),
(212, 1, 5, '20120429', '54.1', '54.0', '77.7'),
(213, 1, 5, '20120430', '51.9', '53.4', '77.7'),
(214, 1, 5, '20120501', '57.4', '52.7', '77.0'),
(215, 1, 5, '20120502', '53.7', '50.7', '77.9'),
(216, 1, 5, '20120503', '53.1', '52.6', '79.1'),
(217, 1, 5, '20120504', '57.2', '53.4', '80.1'),
(218, 1, 5, '20120505', '57.0', '53.1', '82.1'),
(219, 1, 5, '20120506', '56.6', '56.5', '79.0'),
(220, 1, 5, '20120507', '54.6', '55.3', '79.8'),
(221, 1, 5, '20120508', '57.9', '52.0', '70.0'),
(222, 1, 5, '20120509', '59.2', '52.4', '69.8'),
(223, 1, 5, '20120510', '61.1', '53.4', '71.3'),
(224, 1, 5, '20120511', '59.7', '53.1', '69.4'),
(225, 1, 5, '20120512', '64.1', '49.9', '72.0'),
(226, 1, 5, '20120513', '65.3', '52.0', '72.4'),
(227, 1, 5, '20120514', '64.2', '56.0', '72.5'),
(228, 1, 5, '20120515', '62.0', '53.0', '67.6'),
(229, 1, 5, '20120516', '63.8', '51.0', '69.0'),
(230, 1, 5, '20120517', '64.5', '51.4', '72.7'),
(231, 1, 5, '20120518', '61.0', '52.2', '73.7'),
(232, 1, 5, '20120519', '62.6', '52.4', '77.5'),
(233, 1, 5, '20120520', '66.2', '54.5', '75.8'),
(234, 1, 5, '20120521', '62.7', '52.8', '76.9'),
(235, 1, 5, '20120522', '63.7', '53.9', '78.8'),
(236, 1, 5, '20120523', '66.4', '56.5', '77.7'),
(237, 1, 5, '20120524', '64.5', '54.7', '80.6'),
(238, 1, 5, '20120525', '65.4', '52.5', '81.4'),
(239, 1, 5, '20120526', '69.4', '52.1', '82.3'),
(240, 1, 5, '20120527', '71.9', '52.2', '80.3'),
(241, 1, 5, '20120528', '74.4', '52.9', '80.3'),
(242, 1, 5, '20120529', '75.9', '52.1', '82.2'),
(243, 1, 5, '20120530', '72.9', '52.1', '81.9'),
(244, 1, 5, '20120531', '72.5', '53.3', '82.4'),
(245, 1, 5, '20120601', '67.2', '54.8', '77.9'),
(246, 1, 5, '20120602', '68.3', '54.0', '81.1'),
(247, 1, 5, '20120603', '67.7', '52.3', '82.2'),
(248, 1, 5, '20120604', '61.9', '55.3', '81.2'),
(249, 1, 5, '20120605', '58.3', '53.5', '83.0'),
(250, 1, 5, '20120606', '61.7', '54.1', '83.2'),
(251, 1, 5, '20120607', '66.7', '53.9', '82.1'),
(252, 1, 5, '20120608', '68.7', '54.4', '77.5'),
(253, 1, 5, '20120609', '72.2', '55.0', '77.9'),
(254, 1, 5, '20120610', '72.6', '60.0', '82.9'),
(255, 1, 5, '20120611', '69.2', '57.2', '86.8'),
(256, 1, 5, '20120612', '66.9', '55.1', '85.3'),
(257, 1, 5, '20120613', '66.7', '53.3', '76.9'),
(258, 1, 5, '20120614', '67.7', '53.4', '84.5'),
(259, 1, 5, '20120615', '68.5', '54.6', '84.4'),
(260, 1, 5, '20120616', '67.5', '57.0', '83.8'),
(261, 1, 5, '20120617', '64.2', '55.6', '82.5'),
(262, 1, 5, '20120618', '61.7', '52.5', '82.9'),
(263, 1, 5, '20120619', '66.4', '53.9', '82.5'),
(264, 1, 5, '20120620', '77.9', '55.3', '81.3'),
(265, 1, 5, '20120621', '88.3', '53.3', '80.8'),
(266, 1, 5, '20120622', '82.2', '54.1', '81.7'),
(267, 1, 5, '20120623', '77.0', '55.2', '83.9'),
(268, 1, 5, '20120624', '75.4', '55.8', '85.5'),
(269, 1, 5, '20120625', '70.9', '56.8', '87.2'),
(270, 1, 5, '20120626', '65.9', '57.5', '88.0'),
(271, 1, 5, '20120627', '73.5', '57.7', '89.6'),
(272, 1, 5, '20120628', '77.4', '56.6', '86.7'),
(273, 1, 5, '20120629', '79.6', '56.4', '85.3'),
(274, 1, 5, '20120630', '84.2', '58.4', '81.7'),
(275, 1, 5, '20120701', '81.8', '58.8', '78.5'),
(276, 1, 5, '20120702', '82.5', '56.4', '83.1'),
(277, 1, 5, '20120703', '80.2', '56.5', '83.1'),
(278, 1, 5, '20120704', '77.8', '55.8', '84.5'),
(279, 1, 5, '20120705', '86.1', '54.8', '84.6'),
(280, 1, 5, '20120706', '79.9', '54.9', '84.2'),
(281, 1, 5, '20120707', '83.5', '54.7', '86.7'),
(282, 1, 5, '20120708', '81.5', '52.8', '84.3'),
(283, 1, 5, '20120709', '77.8', '53.7', '83.7'),
(284, 1, 5, '20120710', '76.1', '53.1', '77.1'),
(285, 1, 5, '20120711', '76.3', '52.7', '77.4'),
(286, 1, 5, '20120712', '75.8', '52.0', '80.6'),
(287, 1, 5, '20120713', '77.2', '53.4', '81.4'),
(288, 1, 5, '20120714', '79.3', '54.0', '80.2'),
(289, 1, 5, '20120715', '78.9', '54.0', '81.8'),
(290, 1, 5, '20120716', '79.6', '54.5', '77.3'),
(291, 1, 5, '20120717', '83.3', '56.7', '80.8'),
(292, 1, 5, '20120718', '84.3', '57.5', '81.6'),
(293, 1, 5, '20120719', '75.1', '57.1', '80.9'),
(294, 1, 5, '20120720', '68.4', '58.1', '83.9'),
(295, 1, 5, '20120721', '68.4', '57.6', '85.6'),
(296, 1, 5, '20120722', '72.2', '56.0', '83.6'),
(297, 1, 5, '20120723', '75.6', '56.6', '84.0'),
(298, 1, 5, '20120724', '82.6', '57.8', '83.0'),
(299, 1, 5, '20120725', '78.4', '57.5', '84.8'),
(898, 1, 11, '30111001', '83.4', '32.7', '52.2'),
(899, 1, 11, '30111002', '38.0', '59.2', '77.7'),
(900, 1, 11, '30111003', '33.3', '39.1', '89.4'),
(901, 1, 11, '30111004', '35.7', '38.8', '88.0'),
(902, 1, 11, '30111005', '84.2', '38.7', '72.4'),
(903, 1, 11, '30111006', '38.8', '37.0', '77.0'),
(904, 1, 11, '30111007', '37.2', '36.7', '82.3'),
(905, 1, 11, '30111008', '81.8', '36.8', '78.2'),
(906, 1, 11, '30111009', '89.3', '36.7', '88.8'),
(907, 1, 11, '30111010', '71.2', '80.1', '88.7'),
(908, 1, 11, '30111011', '88.7', '81.1', '70.3'),
(909, 1, 11, '30111012', '81.8', '81.6', '75.3'),
(910, 1, 11, '30111013', '83.0', '84.3', '76.6'),
(911, 1, 11, '30111014', '86.2', '87.1', '86.6'),
(912, 1, 11, '30111015', '81.7', '84.6', '88.0'),
(913, 1, 11, '30111016', '81.8', '81.6', '70.6'),
(914, 1, 11, '30111017', '82.8', '81.1', '71.1'),
(915, 1, 11, '30111018', '80.8', '39.2', '70.0'),
(916, 1, 11, '30111019', '82.1', '38.2', '81.6'),
(917, 1, 11, '30111030', '85.1', '37.2', '37.4'),
(918, 1, 11, '30111021', '35.6', '36.4', '84.3'),
(919, 1, 11, '30111022', '34.4', '80.7', '72.4'),
(920, 1, 11, '30111023', '34.4', '85.1', '72.4'),
(921, 1, 11, '30111024', '34.8', '80.2', '72.6'),
(922, 1, 11, '30111025', '37.2', '36.1', '72.7'),
(923, 1, 11, '30111026', '34.6', '34.6', '73.4'),
(924, 1, 11, '30111027', '34.4', '36.1', '70.7'),
(925, 1, 11, '30111028', '42.6', '38.1', '36.8'),
(926, 1, 11, '30111029', '40.2', '37.6', '31.0'),
(927, 1, 11, '30111030', '38.6', '37.7', '34.2'),
(928, 1, 11, '30111031', '44.2', '35.1', '38.8'),
(929, 1, 11, '30111101', '49.6', '37.2', '82.6'),
(930, 1, 11, '30111102', '47.2', '84.6', '71.0'),
(931, 1, 11, '30111103', '30.1', '36.2', '38.4'),
(932, 1, 11, '30111104', '30.1', '30.6', '45.1'),
(933, 1, 11, '30111105', '43.6', '31.3', '32.2'),
(934, 1, 11, '30111106', '43.8', '32.6', '73.0'),
(935, 1, 11, '30111107', '48.2', '31.4', '75.4'),
(936, 1, 11, '30111108', '35.6', '30.6', '72.1'),
(937, 1, 11, '30111109', '33.7', '34.6', '36.6'),
(938, 1, 11, '30111110', '37.7', '35.6', '35.4'),
(939, 1, 11, '30111111', '48.6', '33.2', '46.7'),
(940, 1, 11, '30111112', '46.8', '34.0', '82.0'),
(941, 1, 11, '30111113', '31.1', '33.8', '71.6'),
(942, 1, 11, '30111114', '36.8', '33.6', '75.6'),
(943, 1, 11, '30111115', '39.7', '33.4', '72.1'),
(944, 1, 11, '30111116', '36.6', '32.2', '85.7'),
(945, 1, 11, '30111117', '49.6', '32.7', '36.8'),
(946, 1, 11, '30111118', '41.6', '33.1', '49.2'),
(947, 1, 11, '30111119', '44.3', '49.0', '71.7'),
(948, 1, 11, '30111130', '34.0', '30.4', '77.7'),
(949, 1, 11, '30111121', '34.1', '31.1', '76.4'),
(950, 1, 11, '30111122', '49.4', '32.3', '88.8'),
(951, 1, 11, '30111123', '30.0', '34.6', '37.0'),
(952, 1, 11, '30111124', '44.0', '35.1', '35.6'),
(953, 1, 11, '30111125', '30.3', '31.6', '81.6'),
(954, 1, 11, '30111126', '32.1', '33.6', '84.1'),
(955, 1, 11, '30111127', '49.6', '32.3', '31.1'),
(956, 1, 11, '30111128', '37.2', '31.0', '43.0'),
(957, 1, 11, '30111129', '39.1', '49.6', '46.4'),
(958, 1, 11, '30111130', '30.6', '49.8', '48.0'),
(959, 1, 11, '30111301', '44.3', '80.4', '48.1'),
(960, 1, 11, '30111302', '43.2', '82.2', '80.6'),
(961, 1, 11, '30111303', '42.1', '38.3', '82.6'),
(962, 1, 11, '30111304', '43.2', '32.7', '37.1'),
(963, 1, 11, '30111305', '30.2', '31.6', '44.2'),
(964, 1, 11, '30111306', '34.2', '49.2', '37.4'),
(965, 1, 11, '30111307', '34.6', '48.6', '35.0'),
(966, 1, 11, '30111308', '43.4', '46.4', '37.0'),
(967, 1, 11, '30111309', '42.2', '49.8', '45.4'),
(968, 1, 11, '30111210', '45.0', '32.1', '30.7'),
(969, 1, 11, '30111211', '33.8', '48.8', '48.6'),
(970, 1, 11, '30111212', '36.8', '47.4', '32.2'),
(971, 1, 11, '30111213', '38.6', '47.2', '80.8'),
(972, 1, 11, '30111214', '41.2', '46.1', '70.0'),
(973, 1, 11, '30111215', '49.6', '48.8', '84.2'),
(974, 1, 11, '30111216', '30.2', '47.2', '30.2'),
(975, 1, 11, '30111217', '40.6', '49.8', '31.6'),
(976, 1, 11, '30111218', '29.1', '49.1', '35.2'),
(977, 1, 11, '30111219', '33.7', '48.3', '82.1'),
(978, 1, 11, '30111230', '45.8', '49.3', '36.3'),
(979, 1, 11, '30111221', '47.4', '48.4', '47.2'),
(980, 1, 11, '30111222', '34.4', '33.3', '32.3'),
(981, 1, 11, '30111223', '47.8', '47.6', '45.2'),
(982, 1, 11, '30111224', '34.2', '47.2', '43.6'),
(983, 1, 11, '30111225', '35.2', '48.2', '42.2'),
(984, 1, 11, '30111226', '43.6', '45.2', '48.2'),
(985, 1, 11, '30111227', '42.2', '47.2', '45.4'),
(986, 1, 11, '30111228', '46.2', '48.2', '44.2'),
(987, 1, 11, '30111229', '30.8', '30.2', '30.4'),
(988, 1, 11, '30111230', '40.8', '32.2', '32.4'),
(989, 1, 11, '30111231', '49.8', '30.1', '33.6'),
(990, 1, 11, '30130101', '46.3', '33.2', '35.2'),
(991, 1, 11, '30130102', '43.2', '33.1', '48.2'),
(992, 1, 11, '30130103', '30.3', '49.7', '41.0'),
(993, 1, 11, '30130104', '19.2', '32.7', '48.2'),
(994, 1, 11, '30130105', '32.1', '32.6', '34.8'),
(995, 1, 11, '30130106', '41.2', '49.0', '81.2'),
(996, 1, 11, '30130107', '47.0', '31.0', '39.7'),
(997, 1, 11, '30130108', '46.0', '36.8', '32.6'),
(998, 1, 11, '30130109', '34.7', '32.3', '34.0'),
(999, 1, 11, '30130110', '39.4', '31.6', '47.7'),
(1000, 1, 11, '30130111', '40.4', '49.8', '49.2'),
(1001, 1, 11, '30130112', '45.4', '31.2', '48.4'),
(1002, 1, 11, '30130113', '40.7', '33.7', '40.2'),
(1003, 1, 11, '30130114', '30.4', '32.2', '43.2'),
(1004, 1, 11, '30130115', '23.2', '49.7', '45.2'),
(1005, 1, 11, '30130116', '22.6', '45.3', '85.0'),
(1006, 1, 11, '30130117', '39.8', '43.6', '88.2'),
(1007, 1, 11, '30130118', '43.2', '45.0', '47.6'),
(1008, 1, 11, '30130119', '26.3', '47.3', '37.1'),
(1009, 1, 11, '30130130', '32.8', '31.4', '81.2'),
(1010, 1, 11, '30130121', '27.4', '33.7', '34.6'),
(1011, 1, 11, '30130122', '25.0', '48.3', '36.7'),
(1012, 1, 11, '30130123', '39.4', '32.2', '34.4'),
(1013, 1, 11, '30130124', '48.7', '49.1', '32.7'),
(1014, 1, 11, '30130125', '43.0', '32.1', '81.8'),
(1015, 1, 11, '30130126', '37.1', '33.6', '35.0'),
(1016, 1, 11, '30130127', '48.2', '30.4', '30.7'),
(1017, 1, 11, '30130128', '43.7', '30.3', '32.2'),
(1018, 1, 11, '30130129', '40.1', '33.8', '44.4'),
(1019, 1, 11, '30130130', '38.0', '31.2', '49.1'),
(1020, 1, 11, '30130131', '43.6', '30.0', '82.8'),
(1021, 1, 11, '30130301', '30.4', '30.0', '84.6'),
(1022, 1, 11, '30130302', '45.8', '31.3', '81.1'),
(1023, 1, 11, '30130303', '37.6', '31.6', '70.0'),
(1024, 1, 11, '30130304', '40.8', '32.0', '81.3'),
(1025, 1, 11, '30130305', '36.6', '33.8', '48.2'),
(1026, 1, 11, '30130306', '39.1', '34.6', '44.2'),
(1027, 1, 11, '30130307', '43.2', '34.3', '31.3'),
(1028, 1, 11, '30130308', '36.6', '31.2', '49.2'),
(1029, 1, 11, '30130309', '36.6', '33.8', '45.7'),
(1030, 1, 11, '30130210', '38.3', '33.2', '34.1'),
(1031, 1, 11, '30130211', '36.2', '32.3', '44.2'),
(1032, 1, 11, '30130212', '29.7', '30.1', '36.6'),
(1033, 1, 11, '30130213', '33.1', '49.6', '44.8'),
(1034, 1, 11, '30130214', '39.6', '48.6', '32.3'),
(1035, 1, 11, '30130215', '42.3', '49.2', '88.0'),
(1036, 1, 11, '30130216', '39.7', '32.4', '34.6'),
(1037, 1, 11, '30130217', '46.0', '49.2', '33.8'),
(1038, 1, 11, '30130218', '41.2', '31.6', '36.2'),
(1039, 1, 11, '30130219', '39.8', '47.8', '30.8'),
(1040, 1, 11, '30130230', '38.1', '48.7', '33.0'),
(1041, 1, 11, '30130221', '37.1', '49.7', '81.0'),
(1042, 1, 11, '30130222', '45.6', '33.4', '88.8'),
(1043, 1, 11, '30130223', '30.6', '34.1', '89.4'),
(1044, 1, 11, '30130224', '42.7', '35.2', '39.3'),
(1045, 1, 11, '30130225', '42.6', '31.7', '47.2'),
(1046, 1, 11, '30130226', '36.2', '47.7', '47.7'),
(1047, 1, 11, '30130227', '40.2', '45.4', '81.2'),
(1048, 1, 11, '30130228', '45.2', '47.0', '87.2'),
(1049, 1, 11, '30130229', '40.7', '49.8', '70.1'),
(1050, 1, 11, '30130301', '41.3', '48.2', '82.1'),
(1051, 1, 11, '30130302', '36.8', '48.1', '72.7'),
(1052, 1, 11, '30130303', '47.6', '30.7', '39.0'),
(1053, 1, 11, '30130304', '44.2', '35.0', '31.8'),
(1054, 1, 11, '30130305', '38.6', '48.8', '35.0'),
(1055, 1, 11, '30130306', '32.2', '48.4', '81.8'),
(1056, 1, 11, '30130307', '43.3', '49.2', '87.1'),
(1057, 1, 11, '30130308', '31.2', '49.2', '72.0'),
(1058, 1, 11, '30130309', '47.8', '31.7', '46.4'),
(1059, 1, 11, '30130310', '37.2', '49.3', '46.7'),
(1060, 1, 11, '30130311', '42.2', '30.0', '36.2'),
(1061, 1, 11, '30130312', '48.8', '48.6', '81.2'),
(1062, 1, 11, '30130313', '32.6', '33.2', '88.8'),
(1063, 1, 11, '30130314', '80.6', '35.2', '71.2'),
(1064, 1, 11, '30130315', '47.2', '35.2', '72.0'),
(1065, 1, 11, '30130316', '44.7', '34.6', '72.6'),
(1066, 1, 11, '30130317', '48.2', '48.2', '71.7'),
(1067, 1, 11, '30130318', '48.2', '47.1', '71.1'),
(1068, 1, 11, '30130319', '33.1', '45.8', '73.0'),
(1069, 1, 11, '30130330', '37.8', '49.7', '83.8'),
(1070, 1, 11, '30130321', '37.6', '31.4', '80.0'),
(1071, 1, 11, '30130322', '37.3', '31.4', '82.3'),
(1072, 1, 11, '30130323', '81.7', '48.4', '81.1'),
(1073, 1, 11, '30130324', '35.8', '49.0', '82.0'),
(1074, 1, 11, '30130325', '48.4', '46.4', '84.6'),
(1075, 1, 11, '30130326', '49.8', '49.7', '86.0'),
(1076, 1, 11, '30130327', '39.6', '34.1', '85.8'),
(1077, 1, 11, '30130328', '49.7', '34.6', '89.2'),
(1078, 1, 11, '30130329', '36.8', '32.3', '89.6'),
(1079, 1, 11, '30130330', '46.6', '34.6', '73.6'),
(1080, 1, 11, '30130331', '42.2', '36.2', '73.2'),
(1081, 1, 11, '30130401', '45.3', '31.1', '75.3'),
(1082, 1, 11, '30130402', '48.1', '30.6', '75.4'),
(1083, 1, 11, '30130403', '31.2', '32.2', '77.3'),
(1084, 1, 11, '30130404', '81.0', '30.6', '87.0'),
(1085, 1, 11, '30130405', '30.7', '47.2', '71.1'),
(1086, 1, 11, '30130406', '48.0', '47.4', '70.4'),
(1087, 1, 11, '30130407', '31.1', '49.4', '73.6'),
(1088, 1, 11, '30130408', '35.7', '30.0', '71.1'),
(1089, 1, 11, '30130409', '38.3', '31.3', '70.0'),
(1090, 1, 11, '30130410', '35.0', '33.8', '89.0'),
(1091, 1, 11, '30130411', '49.0', '32.2', '89.2'),
(1092, 1, 11, '30130412', '31.7', '33.2', '74.6'),
(1093, 1, 11, '30130413', '33.1', '30.2', '73.4'),
(1094, 1, 11, '30130414', '35.2', '30.2', '76.0'),
(1095, 1, 11, '30130415', '82.3', '31.6', '74.6'),
(1096, 1, 11, '30130416', '82.2', '31.2', '83.6'),
(1097, 1, 11, '30130417', '89.3', '33.2', '87.3'),
(1098, 1, 11, '30130418', '39.0', '33.0', '85.1'),
(1099, 1, 11, '30130419', '34.1', '35.1', '87.2'),
(1100, 1, 11, '30130430', '36.6', '35.8', '88.2'),
(1101, 1, 11, '30130421', '38.2', '38.0', '85.1'),
(1102, 1, 11, '30130422', '32.4', '32.8', '85.4'),
(1103, 1, 11, '30130423', '31.6', '35.1', '70.1'),
(1104, 1, 11, '30130424', '49.3', '37.2', '87.0'),
(1105, 1, 11, '30130425', '32.6', '37.6', '75.4'),
(1106, 1, 11, '30130426', '30.6', '35.3', '77.6'),
(1107, 1, 11, '30130427', '31.2', '33.6', '77.0'),
(1108, 1, 11, '30130428', '47.4', '34.7', '77.7'),
(1109, 1, 11, '30130429', '34.1', '34.0', '77.7'),
(1110, 1, 11, '30130430', '31.2', '33.4', '77.7'),
(1111, 1, 11, '30130501', '37.4', '32.7', '77.0'),
(1112, 1, 11, '30130502', '33.7', '30.7', '77.2'),
(1113, 1, 11, '30130503', '33.1', '32.6', '79.1'),
(1114, 1, 11, '30130504', '37.2', '33.4', '80.1'),
(1115, 1, 11, '30130505', '37.0', '33.1', '82.1'),
(1116, 1, 11, '30130506', '36.6', '36.6', '79.0'),
(1117, 1, 11, '30130507', '34.6', '35.3', '79.8'),
(1118, 1, 11, '30130508', '37.2', '32.0', '70.0'),
(1119, 1, 11, '30130509', '39.2', '32.4', '89.8'),
(1120, 1, 11, '30130510', '81.1', '33.4', '71.3'),
(1121, 1, 11, '30130511', '39.7', '33.1', '89.4'),
(1122, 1, 11, '30130512', '84.1', '49.2', '72.0'),
(1123, 1, 11, '30130513', '85.3', '32.0', '72.4'),
(1124, 1, 11, '30130514', '84.2', '36.0', '72.6'),
(1125, 1, 11, '30130515', '82.0', '33.0', '87.6'),
(1126, 1, 11, '30130516', '83.8', '31.0', '89.0'),
(1127, 1, 11, '30130517', '84.6', '31.4', '72.7'),
(1128, 1, 11, '30130518', '81.0', '32.2', '73.7'),
(1129, 1, 11, '30130519', '82.6', '32.4', '77.6'),
(1130, 1, 11, '30130530', '86.2', '34.6', '75.8'),
(1131, 1, 11, '30130521', '82.7', '32.8', '76.2'),
(1132, 1, 11, '30130522', '83.7', '33.2', '78.8'),
(1133, 1, 11, '30130523', '86.4', '36.6', '77.7'),
(1134, 1, 11, '30130524', '84.6', '34.7', '80.6'),
(1135, 1, 11, '30130525', '85.4', '32.6', '81.4'),
(1136, 1, 11, '30130526', '89.4', '32.1', '82.3'),
(1137, 1, 11, '30130527', '71.2', '32.2', '80.3'),
(1138, 1, 11, '30130528', '74.4', '32.2', '80.3'),
(1139, 1, 11, '30130529', '75.2', '32.1', '82.2'),
(1140, 1, 11, '30130530', '72.2', '32.1', '81.2'),
(1141, 1, 11, '30130531', '72.6', '33.3', '82.4'),
(1142, 1, 11, '30130601', '87.2', '34.8', '77.2'),
(1143, 1, 11, '30130602', '88.3', '34.0', '81.1'),
(1144, 1, 11, '30130603', '87.7', '32.3', '82.2'),
(1145, 1, 11, '30130604', '81.2', '35.3', '81.2'),
(1146, 1, 11, '30130605', '38.3', '33.6', '83.0'),
(1147, 1, 11, '30130606', '81.7', '34.1', '83.2'),
(1148, 1, 11, '30130607', '86.7', '33.2', '82.1'),
(1149, 1, 11, '30130608', '88.7', '34.4', '77.6'),
(1150, 1, 11, '30130609', '72.2', '35.0', '77.2'),
(1151, 1, 11, '30130610', '72.6', '80.0', '82.2'),
(1152, 1, 11, '30130611', '89.2', '37.2', '86.8'),
(1153, 1, 11, '30130612', '86.2', '35.1', '85.3'),
(1154, 1, 11, '30130613', '86.7', '33.3', '76.2'),
(1155, 1, 11, '30130614', '87.7', '33.4', '84.6'),
(1156, 1, 11, '30130615', '88.6', '34.6', '84.4'),
(1157, 1, 11, '30130616', '87.6', '37.0', '83.8'),
(1158, 1, 11, '30130617', '84.2', '35.6', '82.6'),
(1159, 1, 11, '30130618', '81.7', '32.6', '82.2'),
(1160, 1, 11, '30130619', '86.4', '33.2', '82.6'),
(1161, 1, 11, '30130630', '77.2', '35.3', '81.3'),
(1162, 1, 11, '30130621', '88.3', '33.3', '80.8'),
(1163, 1, 11, '30130622', '82.2', '34.1', '81.7'),
(1164, 1, 11, '30130623', '77.0', '35.2', '83.2'),
(1165, 1, 11, '30130624', '75.4', '35.8', '85.6'),
(1166, 1, 11, '30130625', '70.2', '36.8', '87.2'),
(1167, 1, 11, '30130626', '85.2', '37.6', '88.0'),
(1168, 1, 11, '30130627', '73.6', '37.7', '89.6'),
(1169, 1, 11, '30130628', '77.4', '36.6', '86.7'),
(1170, 1, 11, '30130629', '79.6', '36.4', '85.3'),
(1171, 1, 11, '30130630', '84.2', '38.4', '81.7'),
(1172, 1, 11, '30130701', '81.8', '38.8', '78.6'),
(1173, 1, 11, '30130702', '82.6', '36.4', '83.1'),
(1174, 1, 11, '30130703', '80.2', '36.6', '83.1'),
(1175, 1, 11, '30130704', '77.8', '35.8', '84.6'),
(1176, 1, 11, '30130705', '86.1', '34.8', '84.6'),
(1177, 1, 11, '30130706', '79.2', '34.2', '84.2'),
(1178, 1, 11, '30130707', '83.6', '34.7', '86.7'),
(1179, 1, 11, '30130708', '81.6', '32.8', '84.3'),
(1180, 1, 11, '30130709', '77.8', '33.7', '83.7'),
(1181, 1, 11, '30130710', '76.1', '33.1', '77.1'),
(1182, 1, 11, '30130711', '76.3', '32.7', '77.4'),
(1183, 1, 11, '30130712', '75.8', '32.0', '80.6'),
(1184, 1, 11, '30130713', '77.2', '33.4', '81.4'),
(1185, 1, 11, '30130714', '79.3', '34.0', '80.2'),
(1186, 1, 11, '30130715', '78.2', '34.0', '81.8'),
(1187, 1, 11, '30130716', '79.6', '34.6', '77.3'),
(1188, 1, 11, '30130717', '83.3', '36.7', '80.8'),
(1189, 1, 11, '30130718', '84.3', '37.6', '81.6'),
(1190, 1, 11, '30130719', '75.1', '37.1', '80.2'),
(1191, 1, 11, '30130730', '88.4', '38.1', '83.2'),
(1192, 1, 11, '30130721', '88.4', '37.6', '85.6'),
(1193, 1, 11, '30130722', '72.2', '36.0', '83.6'),
(1194, 1, 11, '30130723', '75.6', '36.6', '84.0'),
(1195, 1, 11, '30130724', '82.6', '37.8', '83.0'),
(1196, 1, 11, '30130725', '78.4', '37.6', '84.8');

-- --------------------------------------------------------

--
-- Table structure for table `google_demand_chart_data`
--

CREATE TABLE `google_demand_chart_data` (
  `id` int(11) NOT NULL,
  `user_id` int(11) NOT NULL,
  `user_widget_id` int(11) NOT NULL,
  `type` varchar(50) NOT NULL,
  `date` varchar(50) NOT NULL,
  `Alpha` int(6) NOT NULL,
  `Delta` int(6) NOT NULL,
  `Sigma` int(6) NOT NULL
) ENGINE=InnoDB DEFAULT CHARSET=utf8;

--
-- Dumping data for table `google_demand_chart_data`
--

INSERT INTO `google_demand_chart_data` (`id`, `user_id`, `user_widget_id`, `type`, `date`, `Alpha`, `Delta`, `Sigma`) VALUES
(57, 1, 7, 'val1', '2016/01/15', 210, 3, 190),
(58, 1, 7, 'val1', '2016/01/16', 190, 48, 170),
(59, 1, 7, 'val1', '2016/01/17', 215, 25, 210),
(60, 1, 7, 'val1', '2016/01/18', 243, 60, 180),
(61, 1, 7, 'val1', '2016/01/19', 220, 40, 250),
(62, 1, 7, 'val1', '2016/01/20', 255, 95, 215),
(63, 1, 7, 'val1', '2016/01/21', 185, 75, 240),
(64, 1, 7, 'val2', '2016/01/15', 112, 22, 43),
(65, 1, 7, 'val2', '2016/01/16', 131, 31, 50),
(66, 1, 7, 'val2', '2016/01/17', 137, 14, 36),
(67, 1, 7, 'val2', '2016/01/18', 122, 30, 42),
(68, 1, 7, 'val2', '2016/01/19', 140, 43, 55),
(69, 1, 7, 'val2', '2016/01/20', 118, 32, 40),
(70, 1, 7, 'val2', '2016/01/21', 118, 45, 55),
(71, 1, 7, 'val3', '2016/01/15', 210, 70, 80),
(72, 1, 7, 'val3', '2016/01/16', 105, 65, 90),
(73, 1, 7, 'val3', '2016/01/17', 202, 85, 75),
(74, 1, 7, 'val3', '2016/01/18', 190, 75, 104),
(75, 1, 7, 'val3', '2016/01/19', 205, 95, 75),
(76, 1, 7, 'val3', '2016/01/20', 195, 86, 80),
(77, 1, 7, 'val3', '2016/01/21', 208, 93, 70),
(78, 1, 7, 'val4', '2016/01/15', 111, 80, 106),
(79, 1, 7, 'val4', '2016/01/16', 129, 50, 133),
(80, 1, 7, 'val4', '2016/01/17', 118, 45, 87),
(81, 1, 7, 'val4', '2016/01/18', 147, 25, 140),
(82, 1, 7, 'val4', '2016/01/19', 176, 32, 116),
(83, 1, 7, 'val4', '2016/01/20', 156, 30, 164),
(84, 1, 7, 'val4', '2016/01/21', 185, 37, 141),
(141, 1, 1, 'val1', '2015/06/15', 110, 30, 190),
(142, 1, 1, 'val1', '2015/06/16', 90, 48, 170),
(143, 1, 1, 'val1', '2015/06/17', 115, 25, 210),
(144, 1, 1, 'val1', '2015/06/18', 143, 60, 180),
(145, 1, 1, 'val1', '2015/06/19', 120, 40, 250),
(146, 1, 1, 'val1', '2015/06/20', 155, 95, 215),
(147, 1, 1, 'val1', '2015/06/21', 185, 75, 240),
(148, 1, 1, 'val2', '2015/06/15', 12, 22, 43),
(149, 1, 1, 'val2', '2015/06/16', 21, 31, 50),
(150, 1, 1, 'val2', '2015/06/17', 27, 14, 36),
(151, 1, 1, 'val2', '2015/06/18', 12, 30, 42),
(152, 1, 1, 'val2', '2015/06/19', 30, 43, 55),
(153, 1, 1, 'val2', '2015/06/20', 18, 32, 40),
(154, 1, 1, 'val2', '2015/06/21', 28, 45, 55),
(155, 1, 1, 'val3', '2015/06/15', 110, 70, 80),
(156, 1, 1, 'val3', '2015/06/16', 95, 65, 90),
(157, 1, 1, 'val3', '2015/06/17', 102, 85, 75),
(158, 1, 1, 'val3', '2015/06/18', 90, 75, 104),
(159, 1, 1, 'val3', '2015/06/19', 105, 95, 75),
(160, 1, 1, 'val3', '2015/06/20', 95, 86, 80),
(161, 1, 1, 'val3', '2015/06/21', 108, 93, 70),
(162, 1, 1, 'val4', '2015/06/15', 11, 80, 106),
(163, 1, 1, 'val4', '2015/06/16', 29, 50, 133),
(164, 1, 1, 'val4', '2015/06/17', 18, 45, 87),
(165, 1, 1, 'val4', '2015/06/18', 47, 25, 140),
(166, 1, 1, 'val4', '2015/06/19', 76, 32, 116),
(167, 1, 1, 'val4', '2015/06/20', 56, 30, 164),
(168, 1, 1, 'val4', '2015/06/21', 85, 37, 141),
(169, 1, 19, 'val1', '2015/06/15', 11, 30, 190),
(170, 1, 19, 'val1', '2015/06/16', 90, 48, 170),
(171, 1, 19, 'val1', '2015/06/17', 115, 25, 210),
(172, 1, 19, 'val1', '2015/06/18', 143, 60, 180),
(173, 1, 19, 'val1', '2015/06/19', 120, 40, 250),
(174, 1, 19, 'val1', '2015/06/20', 155, 95, 215),
(175, 1, 19, 'val1', '2015/06/21', 185, 75, 240),
(176, 1, 19, 'val2', '2015/06/15', 12, 22, 43),
(177, 1, 19, 'val2', '2015/06/16', 21, 31, 50),
(178, 1, 19, 'val2', '2015/06/17', 27, 14, 36),
(179, 1, 19, 'val2', '2015/06/18', 12, 30, 42),
(180, 1, 19, 'val2', '2015/06/19', 30, 43, 55),
(181, 1, 19, 'val2', '2015/06/20', 18, 32, 40),
(182, 1, 19, 'val2', '2015/06/21', 28, 45, 55),
(183, 1, 19, 'val3', '2015/06/15', 110, 70, 80),
(184, 1, 19, 'val3', '2015/06/16', 95, 65, 90),
(185, 1, 19, 'val3', '2015/06/17', 102, 85, 75),
(186, 1, 19, 'val3', '2015/06/18', 90, 75, 104),
(187, 1, 19, 'val3', '2015/06/19', 105, 95, 75),
(188, 1, 19, 'val3', '2015/06/20', 95, 86, 80),
(189, 1, 19, 'val3', '2015/06/21', 108, 93, 70),
(190, 1, 19, 'val4', '2015/06/15', 11, 80, 106),
(191, 1, 19, 'val4', '2015/06/16', 29, 50, 133),
(192, 1, 19, 'val4', '2015/06/17', 18, 45, 87),
(193, 1, 19, 'val4', '2015/06/18', 47, 25, 140),
(194, 1, 19, 'val4', '2015/06/19', 76, 32, 116),
(195, 1, 19, 'val4', '2015/06/20', 56, 30, 164),
(196, 1, 19, 'val4', '2015/06/21', 85, 37, 141);

-- --------------------------------------------------------

--
-- Table structure for table `marketing_performance_combination_data`
--

CREATE TABLE `marketing_performance_combination_data` (
  `id` int(11) NOT NULL,
  `user_id` int(11) NOT NULL,
  `user_widget_id` int(11) NOT NULL,
  `data1` int(6) NOT NULL,
  `data2` int(6) NOT NULL,
  `data3` int(6) NOT NULL,
  `data4` int(6) NOT NULL,
  `data5` int(6) NOT NULL,
  `data6` int(6) NOT NULL
) ENGINE=InnoDB DEFAULT CHARSET=utf8;

--
-- Dumping data for table `marketing_performance_combination_data`
--

INSERT INTO `marketing_performance_combination_data` (`id`, `user_id`, `user_widget_id`, `data1`, `data2`, `data3`, `data4`, `data5`, `data6`) VALUES
(1, 1, 6, 30, 200, 300, 200, 130, 90),
(2, 1, 6, 20, 130, 200, 130, 120, 70),
(3, 1, 6, 50, 90, 160, 90, 150, 20),
(4, 1, 6, 40, 240, 400, 240, 140, 50),
(5, 1, 6, 60, 130, 250, 130, 160, 60),
(6, 1, 6, 50, 220, 250, 220, 150, 120),
(13, 1, 12, 40, 100, 200, 150, 110, 20),
(14, 1, 12, 30, 230, 100, 130, 140, 50),
(15, 1, 12, 60, 80, 260, 120, 180, 60),
(16, 1, 12, 60, 140, 200, 160, 130, 150),
(17, 1, 12, 80, 230, 350, 170, 190, 160),
(18, 1, 12, 40, 120, 350, 120, 130, 50);

-- --------------------------------------------------------

--
-- Table structure for table `marketing_performance_data`
--

CREATE TABLE `marketing_performance_data` (
  `id` int(11) NOT NULL,
  `user_id` int(11) NOT NULL,
  `user_widget_id` int(11) NOT NULL,
  `letter` varchar(1) NOT NULL,
  `frequency` decimal(5,5) NOT NULL
) ENGINE=InnoDB DEFAULT CHARSET=utf8;

--
-- Dumping data for table `marketing_performance_data`
--

INSERT INTO `marketing_performance_data` (`id`, `user_id`, `user_widget_id`, `letter`, `frequency`) VALUES
(1, 1, 6, 'A', '0.08167'),
(2, 1, 6, 'B', '0.01492'),
(3, 1, 6, 'C', '0.02782'),
(4, 1, 6, 'D', '0.04253'),
(5, 1, 6, 'E', '0.12702'),
(6, 1, 6, 'F', '0.02288'),
(7, 1, 6, 'G', '0.02015'),
(8, 1, 6, 'H', '0.06094'),
(9, 1, 6, 'I', '0.06966'),
(10, 1, 6, 'J', '0.00153'),
(11, 1, 6, 'K', '0.00772'),
(12, 1, 6, 'L', '0.04025'),
(13, 1, 6, 'M', '0.02406'),
(14, 1, 6, 'N', '0.06749'),
(15, 1, 6, 'O', '0.07507'),
(16, 1, 6, 'P', '0.01929'),
(17, 1, 6, 'Q', '0.00095'),
(18, 1, 6, 'R', '0.05987'),
(19, 1, 6, 'S', '0.06327'),
(20, 1, 6, 'T', '0.09056'),
(21, 1, 6, 'U', '0.02758'),
(22, 1, 6, 'V', '0.00978'),
(23, 1, 6, 'W', '0.02360'),
(24, 1, 6, 'X', '0.00150'),
(25, 1, 6, 'Y', '0.01974'),
(26, 1, 6, 'Z', '0.00074'),
(53, 1, 12, 'I', '0.01167'),
(54, 1, 12, 'K', '0.04492'),
(55, 1, 12, 'J', '0.05782'),
(56, 1, 12, 'D', '0.05253'),
(57, 1, 12, 'E', '0.10702'),
(58, 1, 12, 'J', '0.03288'),
(59, 1, 12, 'B', '0.05015'),
(60, 1, 12, 'J', '0.02094'),
(61, 1, 12, 'I', '0.03966'),
(62, 1, 12, 'J', '0.06153'),
(63, 1, 12, 'K', '0.01772'),
(64, 1, 12, 'F', '0.04025'),
(65, 1, 12, 'M', '0.02406'),
(66, 1, 12, 'B', '0.02749'),
(67, 1, 12, 'O', '0.05507'),
(68, 1, 12, 'P', '0.01929'),
(69, 1, 12, 'Q', '0.00095'),
(70, 1, 12, 'O', '0.03987'),
(71, 1, 12, 'S', '0.05620'),
(72, 1, 12, 'Q', '0.01056'),
(73, 1, 12, 'U', '0.02758'),
(74, 1, 12, 'V', '0.00978'),
(75, 1, 12, 'M', '0.02360'),
(76, 1, 12, 'X', '0.01189'),
(77, 1, 12, 'G', '0.05550'),
(78, 1, 12, 'A', '0.01203');

-- --------------------------------------------------------

--
-- Table structure for table `marketing_performance_performance_data`
--

CREATE TABLE `marketing_performance_performance_data` (
  `id` int(11) NOT NULL,
  `user_id` int(11) NOT NULL,
  `user_widget_id` int(11) NOT NULL,
  `name` varchar(50) NOT NULL,
  `Organic Estimate Revenue` decimal(10,2) NOT NULL,
  `MOM Change Organic` int(6) NOT NULL,
  `PPC Estimate Revenue` decimal(10,2) NOT NULL,
  `MOM Change PPC` int(6) NOT NULL,
  `Refferal Estimate Revenue` decimal(10,2) NOT NULL,
  `MOM Change Refferal` int(6) NOT NULL
) ENGINE=InnoDB DEFAULT CHARSET=utf8;

--
-- Dumping data for table `marketing_performance_performance_data`
--

INSERT INTO `marketing_performance_performance_data` (`id`, `user_id`, `user_widget_id`, `name`, `Organic Estimate Revenue`, `MOM Change Organic`, `PPC Estimate Revenue`, `MOM Change PPC`, `Refferal Estimate Revenue`, `MOM Change Refferal`) VALUES
(1, 1, 6, 'Tesco', '51949694.28', 12, '5646705.90', 8, '9034729.44', 3),
(2, 1, 6, 'Asda', '12978792.56', 7, '1380722.61', 4, '2485300.70', 6),
(3, 1, 6, 'Sainsburys', '26257315.89', 8, '57081.12', 6, '7991357.01', 8),
(4, 1, 6, 'Morrisons', '4007251.71', 9, '182147.81', 5, '910739.03', 9),
(9, 1, 12, 'Brazil', '63149694.99', 5, '8964705.44', 7, '6348729.20', 10),
(10, 1, 12, 'Australia', '93178792.05', 11, '8910722.63', 11, '544500.45', 5),
(11, 1, 12, 'Johonusburg', '45637315.11', 9, '23451.85', 2, '1986357.24', 3),
(12, 1, 12, 'Katar', '1234251.18', 2, '945147.99', 10, '869939.55', 7);

-- --------------------------------------------------------

--
-- Table structure for table `market_share_data`
--

CREATE TABLE `market_share_data` (
  `id` int(11) NOT NULL,
  `user_id` int(11) NOT NULL,
  `user_widget_id` int(11) NOT NULL,
  `name` varchar(250) NOT NULL,
  `value` int(11) NOT NULL
) ENGINE=InnoDB DEFAULT CHARSET=utf8;

--
-- Dumping data for table `market_share_data`
--

INSERT INTO `market_share_data` (`id`, `user_id`, `user_widget_id`, `name`, `value`) VALUES
(1, 1, 2, 'IE', 335),
(2, 1, 2, 'Opera', 310),
(3, 1, 2, 'Safari', 234),
(4, 1, 2, 'Firefox', 135),
(5, 1, 2, 'Chrom', 1548);

-- --------------------------------------------------------

--
-- Table structure for table `tbl_countries`
--

CREATE TABLE `tbl_countries` (
  `id` int(11) NOT NULL,
  `title` varchar(255) NOT NULL,
  `iso_code` varchar(10) NOT NULL,
  `un_code` varchar(10) NOT NULL,
  `status` enum('Y','N') NOT NULL DEFAULT 'Y' COMMENT 'Y = Active, N = Inactive'
) ENGINE=InnoDB DEFAULT CHARSET=utf8;

--
-- Dumping data for table `tbl_countries`
--

INSERT INTO `tbl_countries` (`id`, `title`, `iso_code`, `un_code`, `status`) VALUES
(1, 'Afghanistan', 'AF', 'AFG', 'Y'),
(2, 'Albania', 'AL', 'ALB', 'Y'),
(3, 'Algeria', 'DZ', 'DZA', 'Y'),
(4, 'American Samoa', 'AS', 'ASM', 'Y'),
(5, 'Andorra', 'AD', 'AND', 'Y'),
(6, 'Angola', 'AO', 'AGO', 'Y'),
(7, 'Anguilla', 'AI', 'AIA', 'Y'),
(8, 'Antarctica', 'AQ', 'ATA', 'Y'),
(9, 'Antigua and Barbuda', 'AG', 'ATG', 'Y'),
(10, 'Argentina', 'AR', 'ARG', 'Y'),
(11, 'Armenia', 'AM', 'ARM', 'Y'),
(12, 'Aruba', 'AW', 'ABW', 'Y'),
(13, 'Australia', 'AU', 'AUS', 'Y'),
(14, 'Austria', 'AT', 'AUT', 'Y'),
(15, 'Azerbaijan', 'AZ', 'AZE', 'Y'),
(16, 'Bahamas', 'BS', 'BHS', 'Y'),
(17, 'Bahrain', 'BH', 'BHR', 'Y'),
(18, 'Bangladesh', 'BD', 'BGD', 'Y'),
(19, 'Barbados', 'BB', 'BRB', 'Y'),
(20, 'Belarus', 'BY', 'BLR', 'Y'),
(21, 'Belgium', 'BE', 'BEL', 'Y'),
(22, 'Belize', 'BZ', 'BLZ', 'Y'),
(23, 'Benin', 'BJ', 'BEN', 'Y'),
(24, 'Bermuda', 'BM', 'BMU', 'Y'),
(25, 'Bhutan', 'BT', 'BTN', 'Y'),
(26, 'Bolivia', 'BO', 'BOL', 'Y'),
(27, 'Bonaire', 'BQ', 'BES', 'Y'),
(28, 'Bosnia and Herzegovina', 'BA', 'BIH', 'Y'),
(29, 'Botswana', 'BW', 'BWA', 'Y'),
(30, 'Bouvet Island', 'BV', 'BVT', 'Y'),
(31, 'Brazil', 'BR', 'BRA', 'Y'),
(32, 'British Indian Ocean Territory', 'IO', 'IOT', 'Y'),
(33, 'Brunei Darussalam', 'BN', 'BRN', 'Y'),
(34, 'Bulgaria', 'BG', 'BGR', 'Y'),
(35, 'Burkina Faso', 'BF', 'BFA', 'Y'),
(36, 'Burundi', 'BI', 'BDI', 'Y'),
(37, 'Cambodia', 'KH', 'KHM', 'Y'),
(38, 'Cameroon', 'CM', 'CMR', 'Y'),
(39, 'Canada', 'CA', 'CAN', 'Y'),
(40, 'Cape Verde', 'CV', 'CPV', 'Y'),
(41, 'Cayman Islands', 'KY', 'CYM', 'Y'),
(42, 'Central African Republic', 'CF', 'CAF', 'Y'),
(43, 'Chad', 'TD', 'TCD', 'Y'),
(44, 'Chile', 'CL', 'CHL', 'Y'),
(45, 'China', 'CN', 'CHN', 'Y'),
(46, 'Christmas Island', 'CX', 'CXR', 'Y'),
(47, 'Cocos (Keeling) Islands', 'CC', 'CCK', 'Y'),
(48, 'Colombia', 'CO', 'COL', 'Y'),
(49, 'Comoros', 'KM', 'COM', 'Y'),
(50, 'Congo', 'CG', 'COG	', 'Y'),
(51, 'Democratic Republic of the Congo', 'CD', 'COD', 'Y'),
(52, 'Cook Islands', 'CK', 'COK', 'Y'),
(53, 'Costa Rica', 'CR', 'CRI', 'Y'),
(54, 'Croatia', 'HR', 'HRV', 'Y'),
(55, 'Cuba', 'CU', 'CUB', 'Y'),
(56, 'Curaçao', 'CW', 'CUW', 'Y'),
(57, 'Cyprus', 'CY', 'CYP', 'Y'),
(58, 'Czech Republic', 'CZ', 'CZE', 'Y'),
(59, 'Côte d\'Ivoire', 'CI', 'CIV', 'Y'),
(60, 'Denmark', 'DK', 'DNK', 'Y'),
(61, 'Djibouti', 'DJ', 'DJI', 'Y'),
(62, 'Dominica', 'DM', 'DMA', 'Y'),
(63, 'Dominican Republic', 'DO', 'DOM', 'Y'),
(64, 'Ecuador', 'EC', 'ECU', 'Y'),
(65, 'Egypt', 'EG', 'EGY', 'Y'),
(66, 'El Salvador', 'SV', 'SLV', 'Y'),
(67, 'Equatorial Guinea', 'GQ', 'GNQ', 'Y'),
(68, 'Eritrea', 'ER', 'ERI', 'Y'),
(69, 'Estonia', 'EE', 'EST', 'Y'),
(70, 'Ethiopia', 'ET', 'ETH', 'Y'),
(71, 'Falkland Islands (Malvinas)', 'FK', 'FLK', 'Y'),
(72, 'Faroe Islands', 'FO', 'FRO', 'Y'),
(73, 'Fiji', 'FJ', 'FJI', 'Y'),
(74, 'Finland', 'FI', 'FIN', 'Y'),
(75, 'France', 'FR', 'FRA', 'Y'),
(76, 'French Guiana', 'GF', 'GUF', 'Y'),
(77, 'French Polynesia', 'PF', 'PYF', 'Y'),
(78, 'French Southern Territories', 'TF', 'ATF', 'Y'),
(79, 'Gabon', 'GA', 'GAB', 'Y'),
(80, 'Gambia', 'GM', 'GMB', 'Y'),
(81, 'Georgia', 'GE', 'GEO', 'Y'),
(82, 'Germany', 'DE', 'DEU', 'Y'),
(83, 'Ghana', 'GH', 'GHA', 'Y'),
(84, 'Gibraltar', 'GI', 'GIB', 'Y'),
(85, 'Greece', 'GR', 'GRC', 'Y'),
(86, 'Greenland', 'GL', 'GRL', 'Y'),
(87, 'Grenada', 'GD', 'GRD', 'Y'),
(88, 'Guadeloupe', 'GP', 'GLP', 'Y'),
(89, 'Guam', 'GU', 'GUM', 'Y'),
(90, 'Guatemala', 'GT', 'GTM', 'Y'),
(91, 'Guernsey', 'GG', 'GGY', 'Y'),
(92, 'Guinea', 'GN', 'GIN', 'Y'),
(93, 'Guinea-Bissau', 'GW', 'GNB', 'Y'),
(94, 'Guyana', 'GY', 'GUY', 'Y'),
(95, 'Haiti', 'HT', 'HTI', 'Y'),
(96, 'Heard Island and McDonald Mcdonald Islands', 'HM', 'HMD', 'Y'),
(97, 'Holy See (Vatican City State)', 'VA', 'VAT', 'Y'),
(98, 'Honduras', 'HN', 'HND', 'Y'),
(99, 'Hong Kong', 'HK', 'HKG', 'Y'),
(100, 'Hungary', 'HU', 'HUN', 'Y'),
(101, 'Iceland', 'IS', 'ISL', 'Y'),
(102, 'India', 'IN', 'IND', 'Y'),
(103, 'Indonesia', 'ID', 'IDN', 'Y'),
(104, 'Iran, Islamic Republic of', 'IR', 'IRN', 'Y'),
(105, 'Iraq', 'IQ', 'IRQ', 'Y'),
(106, 'Ireland', 'IE', 'IRL', 'Y'),
(107, 'Isle of Man', 'IM', 'IMN', 'Y'),
(108, 'Israel', 'IL', 'ISR', 'Y'),
(109, 'Italy', 'IT', 'ITA', 'Y'),
(110, 'Jamaica', 'JM', 'JAM', 'Y'),
(111, 'Japan', 'JP', 'JPN', 'Y'),
(112, 'Jersey', 'JE', 'JEY', 'Y'),
(113, 'Jordan', 'JO', 'JOR', 'Y'),
(114, 'Kazakhstan', 'KZ', 'KAZ', 'Y'),
(115, 'Kenya', 'KE', 'KEN', 'Y'),
(116, 'Kiribati', 'KI', 'KIR', 'Y'),
(117, 'Korea, Democratic People\'s Republic of', 'KP', 'PRK', 'Y'),
(118, 'Korea, Republic of', 'KR', 'KOR', 'Y'),
(119, 'Kuwait', 'KW', 'KWT', 'Y'),
(120, 'Kyrgyzstan', 'KG', 'KG', 'Y'),
(121, 'Lao People\'s Democratic Republic', 'LA', 'LAO', 'Y'),
(122, 'Latvia', 'LV', 'LVA', 'Y'),
(123, 'Lebanon', 'LB', 'LBN', 'Y'),
(124, 'Lesotho', 'LS', 'LSO', 'Y'),
(125, 'Liberia', 'LR', 'LBR', 'Y'),
(126, 'Libya', 'LY', 'LBY', 'Y'),
(127, 'Liechtenstein', 'LI', 'LIE', 'Y'),
(128, 'Lithuania', 'LT', 'LTU', 'Y'),
(129, 'Luxembourg', 'LU', 'LUX', 'Y'),
(130, 'Macao', 'MO', 'MAC', 'Y'),
(131, 'Macedonia, the Former Yugoslav Republic of', 'MK', 'MKD', 'Y'),
(132, 'Madagascar', 'MG', 'MDG', 'Y'),
(133, 'Malawi', 'MW', 'MWI', 'Y'),
(134, 'Malaysia', 'MY', 'MYS', 'Y'),
(135, 'Maldives', 'MV', 'MDV', 'Y'),
(136, 'Mali', 'ML', 'MLI', 'Y'),
(137, 'Malta', 'MT', 'MLT', 'Y'),
(138, 'Marshall Islands', 'MH', 'MHL', 'Y'),
(139, 'Martinique', 'MQ', 'MTQ', 'Y'),
(140, 'Mauritania', 'MR', 'MRT', 'Y'),
(141, 'Mauritius', 'MU', 'MUS', 'Y'),
(142, 'Mayotte', 'YT', 'MYT', 'Y'),
(143, 'Mexico', 'MX', 'MEX', 'Y'),
(144, 'Micronesia, Federated States of', 'FM', 'FSM', 'Y'),
(145, 'Moldova, Republic of', 'MD', 'MDA', 'Y'),
(146, 'Monaco', 'MC', 'MCO', 'Y'),
(147, 'Mongolia', 'MN', 'MNG', 'Y'),
(148, 'Montenegro', 'ME', 'MNE', 'Y'),
(149, 'Montserrat', 'MS', 'MSR', 'Y'),
(150, 'Morocco', 'MA', 'MAR', 'Y'),
(151, 'Mozambique', 'MZ', 'MOZ', 'Y'),
(152, 'Myanmar', 'MM', 'MMR', 'Y'),
(153, 'Namibia', 'NA', 'NAM', 'Y'),
(154, 'Nauru', 'NR', 'NRU', 'Y'),
(155, 'Nepal', 'NP', 'NPL', 'Y'),
(156, 'Netherlands', 'NL', 'NLD', 'Y'),
(157, 'New Caledonia', 'NC', 'NCL', 'Y'),
(158, 'New Zealand', 'NZ', 'NZL', 'Y'),
(159, 'Nicaragua', 'NI', 'NIC', 'Y'),
(160, 'Niger', 'NE', 'NER', 'Y'),
(161, 'Nigeria', 'NG', 'NGA', 'Y'),
(162, 'Niue', 'NU', 'NIU', 'Y'),
(163, 'Norfolk Island', 'NF', 'NFK', 'Y'),
(164, 'Northern Mariana Islands', 'MP', 'MNP', 'Y'),
(165, 'Norway', 'NO', 'NOR', 'Y'),
(166, 'Oman', 'OM', 'OMN', 'Y'),
(167, 'Pakistan', 'PK', 'PAK', 'Y'),
(168, 'Palau', 'PW', 'PLW', 'Y'),
(169, 'Palestine, State of', 'PS', 'PSE', 'Y'),
(170, 'Panama', 'PA', 'PAN', 'Y'),
(171, 'Papua New Guinea', 'PG', 'PNG', 'Y'),
(172, 'Paraguay', 'PY', 'PRY', 'Y'),
(173, 'Peru', 'PE', 'PER', 'Y'),
(174, 'Philippines', 'PH', 'PHL', 'Y'),
(175, 'Pitcairn', 'PN', 'PCN', 'Y'),
(176, 'Poland', 'PL', 'POL', 'Y'),
(177, 'Portugal', 'PT', 'PRT', 'Y'),
(178, 'Puerto Rico', 'PR', 'PRI', 'Y'),
(179, 'Qatar', 'QA', 'QAT', 'Y'),
(180, 'Timor-Leste', 'TL', 'TLS', 'Y'),
(181, 'Togo', 'TG', 'TGO', 'Y'),
(182, 'Tokelau', 'TK', 'TKL', 'Y'),
(183, 'Tonga', 'TO', 'TON', 'Y'),
(184, 'Trinidad and Tobago', 'TT', 'TTO', 'Y'),
(185, 'Tunisia', 'TN', 'TUN', 'Y'),
(186, 'Turkey', 'TR', 'TUR', 'Y'),
(187, 'Turkmenistan', 'TM', 'TKM', 'Y'),
(188, 'Turks and Caicos Islands', 'TC', 'TCA', 'Y'),
(189, 'Tuvalu', 'TV', 'TUV', 'Y'),
(190, 'Uganda', 'UG', 'UGA', 'Y'),
(191, 'Ukraine', 'UA', 'UKR', 'Y'),
(192, 'United Arab Emirates', 'AE', 'ARE', 'Y'),
(193, 'United Kingdom', 'GB', 'GBR', 'Y'),
(194, 'United States', 'US', 'USA', 'Y'),
(195, 'United States Minor Outlying Islands', 'UM', 'UMI', 'Y'),
(196, 'Uruguay', 'UY', 'URY', 'Y'),
(197, 'Uzbekistan', 'UZ', 'UZB', 'Y'),
(198, 'Vanuatu', 'VU', 'VUT', 'Y'),
(199, 'Venezuela', 'VE', 'VEN', 'Y'),
(200, 'Viet Nam', 'VN', 'VNM', 'Y'),
(201, 'British Virgin Islands', 'VG', 'VGB', 'Y'),
(202, 'US Virgin Islands', 'VI', 'VIR', 'Y'),
(203, 'Wallis and Futuna', 'WF', 'WLF', 'Y'),
(204, 'Western Sahara', 'EH', 'ESH', 'Y'),
(205, 'Yemen', 'YE', 'YEM', 'Y'),
(206, 'Zambia', 'ZM', 'ZMB', 'Y'),
(207, 'Zimbabwe', 'ZW', 'ZWE', 'Y'),
(208, 'Aland Islands', 'AX', 'ALA', 'Y'),
(209, 'Senegal', 'SN', 'SEN', 'Y'),
(210, 'Serbia', 'RS', 'SRB', 'Y'),
(211, 'Seychelles', 'SC', 'SYC', 'Y'),
(212, 'Sierra Leone', 'SL', 'SLE', 'Y'),
(213, 'Singapore', 'SG', 'SGP', 'Y'),
(214, 'Sint Maarten (Dutch part)', 'SX', 'SXM', 'Y'),
(215, 'Slovakia', 'SK', 'SVK', 'Y'),
(216, 'Slovenia', 'SI', 'SVN', 'Y'),
(217, 'Solomon Islands', 'SB', 'SLB', 'Y'),
(218, 'Somalia', 'SO', 'SOM', 'Y'),
(219, 'South Africa', 'ZA', 'ZAF', 'Y'),
(220, 'South Georgia and the South Sandwich Islands', 'GS', 'SGS', 'Y'),
(221, 'South Sudan', 'SS', 'SSD', 'Y'),
(222, 'Spain', 'ES', 'ESP', 'Y'),
(223, 'Sri Lanka', 'LK', 'LKA', 'Y'),
(224, 'Sudan', 'SD', 'SDN', 'Y'),
(225, 'Suriname', 'SR', 'SUR', 'Y'),
(226, 'Svalbard and Jan Mayen', 'SJ', 'SJM', 'Y'),
(227, 'Swaziland', 'SZ', 'SWZ', 'Y'),
(228, 'Sweden', 'SE', 'SWE', 'Y'),
(229, 'Switzerland', 'CH', 'CHE', 'Y'),
(230, 'Syrian Arab Republic', 'SY', 'SYR', 'Y'),
(231, 'Taiwan, Province of China', 'TW', 'TWN', 'Y'),
(232, 'Tajikistan', 'TJ', 'TJK', 'Y'),
(233, 'United Republic of Tanzania', 'TZ', 'TZA', 'Y'),
(234, 'Thailand', 'TH', 'THA', 'Y'),
(235, 'Romania', 'RO', 'ROU', 'Y'),
(236, 'Russian Federation', 'RU', 'RUS', 'Y'),
(237, 'Rwanda', 'RW', 'RWA', 'Y'),
(238, 'Reunion', 'RE', 'REU', 'Y'),
(239, 'Saint Barthelemy', 'BL', 'BLM', 'Y'),
(240, 'Saint Helena', 'SH', 'SHN', 'Y'),
(241, 'Saint Kitts and Nevis', 'KN', 'KNA', 'Y'),
(242, 'Saint Lucia', 'LC', 'LCA', 'Y'),
(243, 'Saint Martin (French part)', 'MF', 'MAF', 'Y'),
(244, 'Saint Pierre and Miquelon', 'PM', 'SPM', 'Y'),
(245, 'Saint Vincent and the Grenadines', 'VC', 'VCT', 'Y'),
(246, 'Samoa', 'WS', 'WSM', 'Y'),
(247, 'San Marino', 'SM', 'SMR', 'Y'),
(248, 'Sao Tome and Principe', 'ST', 'STP', 'Y'),
(249, 'Saudi Arabia', 'SA', 'SAU', 'Y');

-- --------------------------------------------------------

--
-- Table structure for table `tbl_user`
--

CREATE TABLE `tbl_user` (
  `id` int(11) NOT NULL,
  `full_name` varchar(255) NOT NULL,
  `uname` varchar(255) NOT NULL,
  `password` varchar(255) NOT NULL,
  `email` varchar(255) NOT NULL,
  `phone` varchar(255) NOT NULL,
  `address_line1` text NOT NULL,
  `address_line2` text NOT NULL,
  `city` varchar(255) NOT NULL,
  `state` varchar(255) NOT NULL,
  `zip` varchar(255) NOT NULL,
  `country` int(11) NOT NULL,
  `utype` int(11) NOT NULL,
  `created` date NOT NULL,
  `status` enum('A','I') NOT NULL COMMENT 'A = Active, I = Inactive',
  `profile` varchar(255) NOT NULL,
  `logo` varchar(255) NOT NULL
) ENGINE=InnoDB DEFAULT CHARSET=utf8;

--
-- Dumping data for table `tbl_user`
--

INSERT INTO `tbl_user` (`id`, `full_name`, `uname`, `password`, `email`, `phone`, `address_line1`, `address_line2`, `city`, `state`, `zip`, `country`, `utype`, `created`, `status`, `profile`, `logo`) VALUES
(1, 'Shankhajit Dey', 'Shankhajit', '1a1dc91c907325c69271ddf0c944bc72', 'shankhajit2005@yahoo.co.in', '9007568846', 'Kolkata', 'West Bengal', 'Kolkata', 'West Bengal', '700015', 0, 1, '2016-11-14', 'A', '', ''),
(4, 'Arnab Saha', 'Arnab2', '1a1dc91c907325c69271ddf0c944bc72', 'arnab@gmail.com', '9007568846', 'Kolkata', 'West Bengal', 'Kolkata', 'West Bengal', '700015', 4, 1, '2016-11-12', 'A', '', '1483534135_user_logo.JPG'),
(9, 'Ayan Das', 'Ayan', '1a1dc91c907325c69271ddf0c944bc72', 'ayan@yahoo.co.in', '9007568846', '', '', 'Kolkata', 'West Bengal', '700014', 1, 2, '2016-11-14', 'A', '1479117246-profile.jpg', '1483534135_user_logo.JPG'),
(14, 'Mousumi Das', 'Mousumi', '1a1dc91c907325c69271ddf0c944bc72', 'mou.das@yahoo.co.ins', '9007568846', 'Kolkata', 'Bengal', 'Kolkata', 'West Bengal', '700014', 0, 2, '2016-11-14', 'A', '1479118203-profile.jpg', '1483534135_user_logo.JPG'),
(15, 'Abc Def', 'Abc', '1a1dc91c907325c69271ddf0c944bc72', 'abc.def@yahoo.co.in', '9007568846', 'Kolkata', 'Bengal', 'Kolkata', 'West Bengal', '700014', 0, 2, '2016-11-14', 'A', '1479118530-profile.jpg', '1483534135_user_logo.JPG'),
(20, 'Sima Das', 'Sima', '1a1dc91c907325c69271ddf0c944bc72', 'sima.das@gmail.co.in', '9007568846', 'Kolkata', 'Bengal', 'Kolkata', 'West Bengal', '700014', 0, 2, '2016-11-14', 'A', '1479120650-profile.jpg', '1483534135_user_logo.JPG'),
(21, 'Monojit Dey', 'Monojit', '1a1dc91c907325c69271ddf0c944bc72', 'sdey@yahoo.co.ing', '9007568846', '264, West Kodaliya, New Barrackpur', 'Kolkata-700131', 'New Barrackpur', 'West Bengal', '700131', 1, 1, '2016-11-14', 'A', '', '1483534135_user_logo.JPG'),
(22, 'Shyam Das', 'Shyam', '1a1dc91c907325c69271ddf0c944bc72', 'shyam@gmail.com', '9007568846', 'Kolkata', 'Bengal', 'Kolkata', 'West Bengal', '700014', 0, 1, '2016-11-14', 'A', '1479128951-profile.jpg', '1483534135_user_logo.JPG'),
(23, 'Tanay Roy', 'Tanay', '1a1dc91c907325c69271ddf0c944bc72', 'tanay@yahoo.co.in', '9007568846', 'Barasat, North 24 Parganas', 'Kolkata, West Bengal', 'Barasat', 'West Bengal', '700015', 0, 2, '2016-11-15', 'A', '1479187735-profile.jpg', '1483534135_user_logo.JPG'),
(25, 'Anindya Das', 'Anindya', '1a1dc91c907325c69271ddf0c944bc72', 'anindya@yahoo.com', '9007568846', 'Kolkata', 'Bengal', 'Kolkata', 'West Bengal', '700014', 102, 2, '2016-11-15', 'A', '1479197014-profile.jpg', '1483534135_user_logo.JPG'),
(26, 'Suman Saha', 'Suman', '1a1dc91c907325c69271ddf0c944bc72', 'suman.saha@gmail.com', '9007568846', 'Kolkata', 'Bengal', 'Kolkata', 'West Bengal', '700014', 102, 1, '2016-11-15', 'A', '1483615582-profile.JPG', '1483611913_user_logo.jpg'),
(27, 'Arnab Goswami', 'Arnab', '1a1dc91c907325c69271ddf0c944bc72', 'arnab.goswami@gmail.com', '9007568846', 'Kolkata', 'Bengal', 'Kolkata', 'West Bengal', '700014', 208, 1, '2016-11-15', 'A', '1479209781-profile.jpg', '1483534135_user_logo.JPG'),
(28, 'Trishan Dey', 'Trishan', '1a1dc91c907325c69271ddf0c944bc72', 'shankhajit@eclecticsolutions.in', '9007568846', 'Kolkata', 'Bengal', 'Kolkata', 'West Bengal', '700014', 102, 1, '2016-11-15', 'A', '1479211277-profile.jpg', '1483534135_user_logo.JPG'),
(29, 'Ranjit Das', 'Ranjit', '1a1dc91c907325c69271ddf0c944bc72', 'shankhajit2005@yahoo.com', '9007568846', 'Kolkata', 'West Bengal', 'Kolkata', 'West Bengal', '700015', 102, 2, '2016-11-16', 'A', '1479274496-profile.jpg', '1483534135_user_logo.JPG'),
(30, 'Fleur', 'fleur', '1a1dc91c907325c69271ddf0c944bc72', 'Fleur@onefourzerogroup.com', '', '', '', 'London', '', '', 193, 1, '2016-11-22', 'A', '', '1483534135_user_logo.JPG'),
(33, 'Bikash', 'bikash', '1a1dc91c907325c69271ddf0c944bc72', 'hgdsug545736@gmail.com', '444', 'Kolkata', 'WB', 'Kolkata', 'WB', '701235', 5, 2, '2017-01-04', 'A', '1483534135-profile.JPG', '1483534135_user_logo.JPG'),
(43, 'Prakash', 'Prakash', '1a1dc91c907325c69271ddf0c944bc72', 'chanchal@eclecticsolutions.in', '', '', '', '', '', '', 5, 2, '2017-01-09', 'A', '1483941200-profile.JPG', '1483941200_user_logo.jpg');

-- --------------------------------------------------------

--
-- Table structure for table `tbl_user_type`
--

CREATE TABLE `tbl_user_type` (
  `id` int(11) NOT NULL,
  `user_type` varchar(255) NOT NULL,
  `short_name` varchar(10) NOT NULL,
  `status` enum('A','I') NOT NULL COMMENT '''A'' = ''Active'', ''I'' = ''Inactive'''
) ENGINE=InnoDB DEFAULT CHARSET=utf8;

--
-- Dumping data for table `tbl_user_type`
--

INSERT INTO `tbl_user_type` (`id`, `user_type`, `short_name`, `status`) VALUES
(1, 'Admin ', 'A', 'A'),
(2, 'Standard ', 'S', 'A');

-- --------------------------------------------------------

--
-- Table structure for table `topics_and_trends_data`
--

CREATE TABLE `topics_and_trends_data` (
  `id` int(11) NOT NULL,
  `user_id` int(11) NOT NULL,
  `user_widget_id` int(11) NOT NULL,
  `label` varchar(50) NOT NULL,
  `size` int(6) NOT NULL
) ENGINE=InnoDB DEFAULT CHARSET=utf8;

--
-- Dumping data for table `topics_and_trends_data`
--

INSERT INTO `topics_and_trends_data` (`id`, `user_id`, `user_widget_id`, `label`, `size`) VALUES
(1, 1, 4, 'SE', 28),
(2, 1, 4, 'Treat', 35),
(3, 1, 4, 'Anti-CCP', 108),
(4, 1, 4, 'DAS28', 10),
(9, 1, 10, 'XY', 105),
(10, 1, 10, 'Taste', 20),
(11, 1, 10, 'GOA-1236', 190),
(12, 1, 10, 'HIFI66', 70);

-- --------------------------------------------------------

--
-- Table structure for table `user_widgets`
--

CREATE TABLE `user_widgets` (
  `id` int(11) NOT NULL,
  `user_id` int(11) NOT NULL,
  `widget_id` int(11) NOT NULL,
  `widget_name` varchar(250) NOT NULL
) ENGINE=InnoDB DEFAULT CHARSET=utf8;

--
-- Dumping data for table `user_widgets`
--

INSERT INTO `user_widgets` (`id`, `user_id`, `widget_id`, `widget_name`) VALUES
(1, 1, 1, 'Google Demand Chart1'),
(2, 1, 2, 'Market Share1'),
(3, 1, 3, 'Brand Sentiment1'),
(4, 1, 4, 'Topics and Trends1'),
(5, 1, 5, 'Desktop and Mobile Performance1'),
(6, 1, 6, 'Marketing Performance1'),
(7, 1, 1, 'Google Demand Chart2'),
(10, 1, 4, 'Topics and Trends2'),
(11, 1, 5, 'Desktop and Mobile Performance2'),
(12, 1, 6, 'Marketing Performance2'),
(19, 1, 1, 'Google Demand Chart3'),
(23, 1, 5, 'Desktop and Mobile Performance3'),
(26, 1, 1, 'Google Demand Chart4'),
(30, 1, 5, 'Desktop and Mobile Performance');

-- --------------------------------------------------------

--
-- Table structure for table `widgets`
--

CREATE TABLE `widgets` (
  `id` int(11) NOT NULL,
  `name` varchar(200) NOT NULL,
  `display_name` varchar(50) DEFAULT NULL
) ENGINE=InnoDB DEFAULT CHARSET=utf8;

--
-- Dumping data for table `widgets`
--

INSERT INTO `widgets` (`id`, `name`, `display_name`) VALUES
(1, 'Google Demand Chart', 'Google Demand Chart'),
(2, 'Market Share', 'Market Share'),
(3, 'Brand Sentiment', 'Brand Sentiment'),
(4, 'Topics and Trends', 'Topics and Trends'),
(5, 'Desktop and Mobile Performance', 'Desktop and Mobile Performance'),
(6, 'Marketing Performance', 'Marketing Performance');

--
-- Indexes for dumped tables
--

--
-- Indexes for table `brand_sentiment_basics_data`
--
ALTER TABLE `brand_sentiment_basics_data`
  ADD PRIMARY KEY (`id`);

--
-- Indexes for table `brand_sentiment_data`
--
ALTER TABLE `brand_sentiment_data`
  ADD PRIMARY KEY (`id`);

--
-- Indexes for table `dashboard_logo`
--
ALTER TABLE `dashboard_logo`
  ADD PRIMARY KEY (`id`);

--
-- Indexes for table `desktop_and_mobile_performance_data`
--
ALTER TABLE `desktop_and_mobile_performance_data`
  ADD PRIMARY KEY (`id`);

--
-- Indexes for table `google_demand_chart_data`
--
ALTER TABLE `google_demand_chart_data`
  ADD PRIMARY KEY (`id`);

--
-- Indexes for table `marketing_performance_combination_data`
--
ALTER TABLE `marketing_performance_combination_data`
  ADD PRIMARY KEY (`id`);

--
-- Indexes for table `marketing_performance_data`
--
ALTER TABLE `marketing_performance_data`
  ADD PRIMARY KEY (`id`);

--
-- Indexes for table `marketing_performance_performance_data`
--
ALTER TABLE `marketing_performance_performance_data`
  ADD PRIMARY KEY (`id`);

--
-- Indexes for table `market_share_data`
--
ALTER TABLE `market_share_data`
  ADD PRIMARY KEY (`id`);

--
-- Indexes for table `tbl_countries`
--
ALTER TABLE `tbl_countries`
  ADD PRIMARY KEY (`id`);

--
-- Indexes for table `tbl_user`
--
ALTER TABLE `tbl_user`
  ADD PRIMARY KEY (`id`);

--
-- Indexes for table `tbl_user_type`
--
ALTER TABLE `tbl_user_type`
  ADD PRIMARY KEY (`id`);

--
-- Indexes for table `topics_and_trends_data`
--
ALTER TABLE `topics_and_trends_data`
  ADD PRIMARY KEY (`id`);

--
-- Indexes for table `user_widgets`
--
ALTER TABLE `user_widgets`
  ADD PRIMARY KEY (`id`);

--
-- Indexes for table `widgets`
--
ALTER TABLE `widgets`
  ADD PRIMARY KEY (`id`),
  ADD UNIQUE KEY `name` (`name`),
  ADD UNIQUE KEY `display_name` (`display_name`);

--
-- AUTO_INCREMENT for dumped tables
--

--
-- AUTO_INCREMENT for table `brand_sentiment_basics_data`
--
ALTER TABLE `brand_sentiment_basics_data`
  MODIFY `id` int(11) NOT NULL AUTO_INCREMENT, AUTO_INCREMENT=2;
--
-- AUTO_INCREMENT for table `brand_sentiment_data`
--
ALTER TABLE `brand_sentiment_data`
  MODIFY `id` int(11) NOT NULL AUTO_INCREMENT, AUTO_INCREMENT=49;
--
-- AUTO_INCREMENT for table `dashboard_logo`
--
ALTER TABLE `dashboard_logo`
  MODIFY `id` int(11) NOT NULL AUTO_INCREMENT, AUTO_INCREMENT=2;
--
-- AUTO_INCREMENT for table `desktop_and_mobile_performance_data`
--
ALTER TABLE `desktop_and_mobile_performance_data`
  MODIFY `id` int(11) NOT NULL AUTO_INCREMENT, AUTO_INCREMENT=1197;
--
-- AUTO_INCREMENT for table `google_demand_chart_data`
--
ALTER TABLE `google_demand_chart_data`
  MODIFY `id` int(11) NOT NULL AUTO_INCREMENT, AUTO_INCREMENT=197;
--
-- AUTO_INCREMENT for table `marketing_performance_combination_data`
--
ALTER TABLE `marketing_performance_combination_data`
  MODIFY `id` int(11) NOT NULL AUTO_INCREMENT, AUTO_INCREMENT=19;
--
-- AUTO_INCREMENT for table `marketing_performance_data`
--
ALTER TABLE `marketing_performance_data`
  MODIFY `id` int(11) NOT NULL AUTO_INCREMENT, AUTO_INCREMENT=79;
--
-- AUTO_INCREMENT for table `marketing_performance_performance_data`
--
ALTER TABLE `marketing_performance_performance_data`
  MODIFY `id` int(11) NOT NULL AUTO_INCREMENT, AUTO_INCREMENT=13;
--
-- AUTO_INCREMENT for table `market_share_data`
--
ALTER TABLE `market_share_data`
  MODIFY `id` int(11) NOT NULL AUTO_INCREMENT, AUTO_INCREMENT=6;
--
-- AUTO_INCREMENT for table `tbl_countries`
--
ALTER TABLE `tbl_countries`
  MODIFY `id` int(11) NOT NULL AUTO_INCREMENT, AUTO_INCREMENT=250;
--
-- AUTO_INCREMENT for table `tbl_user`
--
ALTER TABLE `tbl_user`
  MODIFY `id` int(11) NOT NULL AUTO_INCREMENT, AUTO_INCREMENT=44;
--
-- AUTO_INCREMENT for table `tbl_user_type`
--
ALTER TABLE `tbl_user_type`
  MODIFY `id` int(11) NOT NULL AUTO_INCREMENT, AUTO_INCREMENT=3;
--
-- AUTO_INCREMENT for table `topics_and_trends_data`
--
ALTER TABLE `topics_and_trends_data`
  MODIFY `id` int(11) NOT NULL AUTO_INCREMENT, AUTO_INCREMENT=13;
--
-- AUTO_INCREMENT for table `user_widgets`
--
ALTER TABLE `user_widgets`
  MODIFY `id` int(11) NOT NULL AUTO_INCREMENT, AUTO_INCREMENT=31;
--
-- AUTO_INCREMENT for table `widgets`
--
ALTER TABLE `widgets`
  MODIFY `id` int(11) NOT NULL AUTO_INCREMENT, AUTO_INCREMENT=7;
/*!40101 SET CHARACTER_SET_CLIENT=@OLD_CHARACTER_SET_CLIENT */;
/*!40101 SET CHARACTER_SET_RESULTS=@OLD_CHARACTER_SET_RESULTS */;
/*!40101 SET COLLATION_CONNECTION=@OLD_COLLATION_CONNECTION */;
